,Media Sources,TBpolarity,compound,date,idx,negative,neutral,positive,text
0,CNN,0.25,0.0,2017-11-05,0,0.0,1.0,0.0,Texas Gov. Greg Abbot releases a statement on the shooting at First Baptist Church in Sutherland Springs‚Ä¶ https://t.co/TiwNGu2Pht
1,CNN,0.0,-0.3818,2017-11-05,1,0.157,0.843,0.0,"Sutherland Springs business owner on church shooting: ""It's just awful...there were emergency responders everywhere"" https://t.co/TYcC5jCX9m"
2,CNN,0.0,-0.8225,2017-11-05,2,0.487,0.513,0.0,ISIS claims responsibility for a suicide attack in Yemen https://t.co/9ScXiQp7Sl https://t.co/cmAG9lNdTJ
3,CNN,0.0,-0.3818,2017-11-05,3,0.167,0.833,0.0,"Sutherland Springs resident on church shooting: ""It's just awful...there were emergency responders everywhere"" https://t.co/TYcC5jCX9m"
4,CNN,0.25,-0.1655,2017-11-05,4,0.093,0.907,0.0,"Law enforcement have reported multiple victims at a Texas church, but have not said how many https://t.co/PGxqFieLyc https://t.co/pLNO4vE3sT"
5,CNN,0.0,0.4019,2017-11-05,5,0.0,0.828,0.172,"President Trump tweets support for people of Sutherland Springs, Texas, after church shooting‚Ä¶ https://t.co/muJFcRBDWB"
6,CNN,-0.2,-0.7579,2017-11-05,6,0.302,0.698,0.0,"One suspect dead after reported shooting in Sutherland Springs, Texas, says Guadalupe Co. Sheriff's Office official‚Ä¶ https://t.co/s8KvNZh8t6"
7,CNN,0.0,-0.5106,2017-11-05,7,0.26,0.628,0.112,"Local gas station owner tells @KayleeHartung that shots fired at Texas church ""sounded like a semiautomatic weapon"" https://t.co/D0EChgJtJm"
8,CNN,0.0,0.0,2017-11-05,8,0.0,1.0,0.0,Catalan ex-President turns himself in to Belgian authorities https://t.co/vGBLL2A481 https://t.co/ghTN0dIGJw
9,CNN,0.0,0.0,2017-11-05,9,0.0,1.0,0.0,"House Minority Leader Nancy Pelosi: Must ""exhaust"" diplomatic options on North Korea
https://t.co/LNsBvUknTQ https://t.co/gKzSAd35cb"
10,CNN,0.13636363636363635,0.0,2017-11-05,10,0.0,1.0,0.0,"We're live in Sutherland Springs, Texas, over the scene of a reported shooting https://t.co/49AyTQsslP‚Ä¶ https://t.co/w8qiqXkRUA"
11,CNN,0.0,0.0,2017-11-05,11,0.0,1.0,0.0,Trump and Putin are set to meet and discuss North Korea https://t.co/h72BD4cUjd https://t.co/7yqxZK8vit
12,CNN,0.0,-0.5574,2017-11-05,12,0.167,0.833,0.0,A witness at a gas station across from a Texas church said she heard 20 shots fired while a service was underway‚Ä¶ https://t.co/vGZKfABodU
13,CNN,0.2,0.6124,2017-11-05,13,0.0,0.625,0.375,"""Thor: Ragnarok"" is the 17th straight number one opening for Marvel https://t.co/IZ3SPgUSnW https://t.co/XpkmIiQRXW"
14,CNN,-0.2,-0.6486,2017-11-05,14,0.249,0.751,0.0,"County Sheriff says Sutherland Springs church gunman is dead, reports CNN's @kayleehartung https://t.co/ekxguNHIsH https://t.co/ZtfHBLc4PQ"
15,CNN,0.0,0.0,2017-11-05,15,0.0,1.0,0.0,"BREAKING: The FBI is responding to the scene of a shooting outside San Antonio, Texas
https://t.co/ekxguNHIsH https://t.co/vRV1GzHgVx"
16,CNN,0.0,0.0,2017-11-05,16,0.0,1.0,0.0,"Gonorrhea rates in Australia are up 63% in 5 years, data shows https://t.co/dsVnWfRKFk https://t.co/UtRgz5r04t"
17,CNN,0.0,-0.4767,2017-11-05,17,0.256,0.744,0.0,Billionaire Prince Alwaleed arrested in Saudi anti-corruption drive https://t.co/U6aJ7NPR7O https://t.co/pimIM00oeh
18,CNN,0.3333333333333333,0.8225,2017-11-05,18,0.0,0.648,0.352,"Shalane Flanagan wins NYC Marathon, becoming the first U.S. Women's champion in 40 years https://t.co/UivrO1JMUB https://t.co/i8yuNM6oY1"
19,CNN,0.5,-0.5574,2017-11-05,19,0.184,0.816,0.0,"JUST IN: Witness says as many as 20 shots fired at a church in Sutherland Springs, Texas https://t.co/ZC919cZoUC"
20,CNN,0.25,0.0,2017-11-05,20,0.0,1.0,0.0,Texas Gov. Greg Abbot releases a statement on the shooting at First Baptist Church in Sutherland Springs‚Ä¶ https://t.co/TiwNGu2Pht
21,CNN,0.0,-0.3818,2017-11-05,21,0.157,0.843,0.0,"Sutherland Springs business owner on church shooting: ""It's just awful...there were emergency responders everywhere"" https://t.co/TYcC5jCX9m"
22,CNN,0.0,-0.8225,2017-11-05,22,0.487,0.513,0.0,ISIS claims responsibility for a suicide attack in Yemen https://t.co/9ScXiQp7Sl https://t.co/cmAG9lNdTJ
23,CNN,0.0,-0.3818,2017-11-05,23,0.167,0.833,0.0,"Sutherland Springs resident on church shooting: ""It's just awful...there were emergency responders everywhere"" https://t.co/TYcC5jCX9m"
24,CNN,0.25,-0.1655,2017-11-05,24,0.093,0.907,0.0,"Law enforcement have reported multiple victims at a Texas church, but have not said how many https://t.co/PGxqFieLyc https://t.co/pLNO4vE3sT"
25,CNN,0.0,0.4019,2017-11-05,25,0.0,0.828,0.172,"President Trump tweets support for people of Sutherland Springs, Texas, after church shooting‚Ä¶ https://t.co/muJFcRBDWB"
26,CNN,-0.2,-0.7579,2017-11-05,26,0.302,0.698,0.0,"One suspect dead after reported shooting in Sutherland Springs, Texas, says Guadalupe Co. Sheriff's Office official‚Ä¶ https://t.co/s8KvNZh8t6"
27,CNN,0.0,-0.5106,2017-11-05,27,0.26,0.628,0.112,"Local gas station owner tells @KayleeHartung that shots fired at Texas church ""sounded like a semiautomatic weapon"" https://t.co/D0EChgJtJm"
28,CNN,0.0,0.0,2017-11-05,28,0.0,1.0,0.0,Catalan ex-President turns himself in to Belgian authorities https://t.co/vGBLL2A481 https://t.co/ghTN0dIGJw
29,CNN,0.0,0.0,2017-11-05,29,0.0,1.0,0.0,"House Minority Leader Nancy Pelosi: Must ""exhaust"" diplomatic options on North Korea
https://t.co/LNsBvUknTQ https://t.co/gKzSAd35cb"
30,CNN,0.13636363636363635,0.0,2017-11-05,30,0.0,1.0,0.0,"We're live in Sutherland Springs, Texas, over the scene of a reported shooting https://t.co/49AyTQsslP‚Ä¶ https://t.co/w8qiqXkRUA"
31,CNN,0.0,0.0,2017-11-05,31,0.0,1.0,0.0,Trump and Putin are set to meet and discuss North Korea https://t.co/h72BD4cUjd https://t.co/7yqxZK8vit
32,CNN,0.0,-0.5574,2017-11-05,32,0.167,0.833,0.0,A witness at a gas station across from a Texas church said she heard 20 shots fired while a service was underway‚Ä¶ https://t.co/vGZKfABodU
33,CNN,0.2,0.6124,2017-11-05,33,0.0,0.625,0.375,"""Thor: Ragnarok"" is the 17th straight number one opening for Marvel https://t.co/IZ3SPgUSnW https://t.co/XpkmIiQRXW"
34,CNN,-0.2,-0.6486,2017-11-05,34,0.249,0.751,0.0,"County Sheriff says Sutherland Springs church gunman is dead, reports CNN's @kayleehartung https://t.co/ekxguNHIsH https://t.co/ZtfHBLc4PQ"
35,CNN,0.0,0.0,2017-11-05,35,0.0,1.0,0.0,"BREAKING: The FBI is responding to the scene of a shooting outside San Antonio, Texas
https://t.co/ekxguNHIsH https://t.co/vRV1GzHgVx"
36,CNN,0.0,0.0,2017-11-05,36,0.0,1.0,0.0,"Gonorrhea rates in Australia are up 63% in 5 years, data shows https://t.co/dsVnWfRKFk https://t.co/UtRgz5r04t"
37,CNN,0.0,-0.4767,2017-11-05,37,0.256,0.744,0.0,Billionaire Prince Alwaleed arrested in Saudi anti-corruption drive https://t.co/U6aJ7NPR7O https://t.co/pimIM00oeh
38,CNN,0.3333333333333333,0.8225,2017-11-05,38,0.0,0.648,0.352,"Shalane Flanagan wins NYC Marathon, becoming the first U.S. Women's champion in 40 years https://t.co/UivrO1JMUB https://t.co/i8yuNM6oY1"
39,CNN,0.5,-0.5574,2017-11-05,39,0.184,0.816,0.0,"JUST IN: Witness says as many as 20 shots fired at a church in Sutherland Springs, Texas https://t.co/ZC919cZoUC"
40,CNN,-1.0,-0.8402,2017-11-05,40,0.333,0.667,0.0,"Sen. Dianne Feinstein urges diplomacy with North Korea: ""The worst alternative is a war which could become nuclear"" https://t.co/9YPIXKioLn"
41,CNN,0.0,-0.0834,2017-11-05,41,0.184,0.652,0.164,"NYC marathon runners stay the course, despite last week's terror attack https://t.co/ORk5ykaZuV https://t.co/X6oYrUqJuX"
42,CNN,0.0,0.25,2017-11-05,42,0.0,0.9,0.1,A University of Miami art professor created Ku Klux Klan-style hoods out of American flags for a faculty art exhibi‚Ä¶ https://t.co/jk5cNiIFSu
43,CNN,0.06818181818181818,0.0,2017-11-05,43,0.0,1.0,0.0,"Double beds, swivel chairs. Here's a look at Singapore Airlines' new luxury suites https://t.co/JIvOIYU7zW https://t.co/MaRqdXRkEd"
44,CNN,0.55,-0.507,2017-11-05,44,0.23,0.77,0.0,The most spectacular abandoned castles around the world https://t.co/DC14SubQJa via @cnntravel https://t.co/ExuBF2XKe8
45,CNN,0.0,0.0,2017-11-05,45,0.0,1.0,0.0,"H.W. Bush on Trump: ‚ÄúHe‚Äôs a blowhard‚Äù

George W. Bush on Trump ‚ÄúThis guy doesn‚Äôt know what it means to be president‚Ä¶ https://t.co/yp212uRBxT"
46,CNN,0.75,0.6115,2017-11-05,46,0.0,0.818,0.182,"AirlineRatings names ""most excellent"" airlines for 2018. For the 5th consecutive year, this carrier came out on top‚Ä¶ https://t.co/coKs8J7Ciq"
47,CNN,0.0,0.0,2017-11-05,47,0.0,1.0,0.0,"""Women are coming forward...telling the hardest stories of a lifetime,"" says @RonanFarrow, who wrote Weinstein story https://t.co/V6VhiZMg0R"
48,CNN,0.0,0.0,2017-11-05,48,0.0,1.0,0.0,".@brianstelter to Kellyanne Conway: ""Viewers see your pivoting...when I say Russia, you say Clinton"" https://t.co/lc5IdbzAP9"
49,CNN,0.0,0.0,2017-11-05,49,0.0,1.0,0.0,".@brianstelter to Kellyanne Conway: ""We're not anti-Trump, Kellyanne. We're pro-truth."" https://t.co/V6VhiZMg0R"
50,CNN,0.0,0.34,2017-11-05,50,0.0,0.854,0.146,Alec Baldwin's President Trump shared a shower with Paul Manafort on @nbcsnl last night https://t.co/uHcj6PRTqU https://t.co/TXxi7U9br2
51,CNN,0.3666666666666667,0.6369,2017-11-05,51,0.0,0.792,0.208,What are your thoughts on polygamy? @lisaling meets open-minded couples looking for modern love on @CNNOriginals'‚Ä¶ https://t.co/ovsONmqTzY
52,CNN,0.11212121212121212,-0.3182,2017-11-05,52,0.164,0.741,0.095,Saudi Arabia's newly formed anti-corruption committee has arrested at least 17 princes and top officials‚Ä¶ https://t.co/OiiGRRGEY4
53,CNN,0.0,-0.4588,2017-11-05,53,0.123,0.833,0.044,"RT @CNNPolitics: Pelosi expresses disdain at the timetable for the GOP tax plan: ""They're trying to move this in a matter of days"" https://‚Ä¶"
54,CNN,0.0,-0.8714,2017-11-05,54,0.456,0.544,0.0,".@FareedZakaria: NY attack ""an isolated incident by one troubled man that shouldn't lead to grand generalizations"" https://t.co/4IR6y7eVL9"
55,CNN,-1.0,-0.8402,2017-11-05,55,0.333,0.667,0.0,"Sen. Dianne Feinstein urges diplomacy with North Korea: ""The worst alternative is a war which could become nuclear"" https://t.co/SehU6c2UZq"
56,CNN,0.4,0.0,2017-11-05,56,0.0,1.0,0.0,"Feinstein on Sessions: ""When he comes before the committee again, he has to be precise and it has to be accurate"" https://t.co/kFiWDRA83w"
57,CNN,0.3211111111111111,0.5256,2017-11-05,57,0.133,0.606,0.261,"Rep. Pelosi on tackling alleged sexual harassment in Congress: I'm ""hopeful that we can do something very strong"" https://t.co/p01ORHA3sY"
58,CNN,0.0,0.0,2017-11-05,58,0.0,1.0,0.0,"Sen. Feinstein on AG Sessions' testimony about Russia: ""I think he should come back and clarify it"" #CNNSOTU https://t.co/gPiao3H9P1"
59,CNN,0.0,0.0,2017-11-05,59,0.0,1.0,0.0,"Rep. Nancy Pelosi: Impeaching President Trump ""is not someplace that I think we should go"" #CNNSOTU https://t.co/3z5LYxTN5S"
60,CNN,0.0,0.4404,2017-11-05,60,0.0,0.868,0.132,"Pelosi on Brazile's allegations about Clinton and the DNC: ""I would hope that there's another side to the story"" https://t.co/QXp6xVCo9R"
61,CNN,0.1,0.4927,2017-11-05,61,0.0,0.849,0.151,"House Minority Leader Nancy Pelosi on the GOP tax plan: ""This is really a gift to corporate America"" #CNNSOTU https://t.co/MNygm9qM0v"
62,CNN,0.0,0.0,2017-11-05,62,0.0,1.0,0.0,House Minority Leader Nancy Pelosi: Revision of the tax code should be done in a bipartisan way #CNNSOTU https://t.co/vw8PFnGTme
63,CNN,0.2,0.4404,2017-11-05,63,0.0,0.854,0.146,"House Minority Leader Pelosi: ""I hope the President goes into the meeting (with Putin) really informed"" https://t.co/JNBqP07Pd0 #CNNSOTU"
64,CNN,-0.625,-0.4939,2017-11-05,64,0.132,0.868,0.0,"Rep. Nancy Pelosi on North Korea: ""We're poking a stick in the eye of a mad dog with some of what we're saying"" https://t.co/hgvJ4yyxVL"
65,CNN,0.0,0.0,2017-11-05,65,0.0,1.0,0.0,The company that owns Corona is getting into the pot business https://t.co/HHg98jBXK7 https://t.co/eHvBjnDBic
66,CNN,0.25,0.0,2017-11-05,66,0.0,1.0,0.0,"Japanese Prime Minister Shinzo Abe gave President Trump a customized hat that read, ""Make alliance even greater.""‚Ä¶ https://t.co/P73f5BrTjj"
67,CNN,-0.1,0.0,2017-11-05,67,0.0,1.0,0.0,"President Trump is in Japan, where he and Prime Minister Shinzo Abe are expected to talk about North Korea‚Ä¶ https://t.co/LpmBAJUCuD"
68,CNN,0.75,0.6115,2017-11-05,68,0.0,0.818,0.182,"AirlineRatings names ""most excellent"" airlines for 2018. For the 5th consecutive year, this carrier came out on top‚Ä¶ https://t.co/dJ16PRMPly"
69,CNN,0.0,0.0,2017-11-05,69,0.0,1.0,0.0,"Long-term spaceflight ""squeezes"" the brain, study says https://t.co/c3D86kU0sa https://t.co/osRjvGip4G"
70,CNN,-0.15555555555555559,-0.6597,2017-11-05,70,0.253,0.747,0.0,The FDA is cracking down on claims that cannabis can cure cancer https://t.co/q1DeAGuPed https://t.co/UGTB8PNn6E
71,CNN,0.25,-0.5423,2017-11-05,71,0.189,0.811,0.0,"Back in 1991, Anita Hill forever changed the way we talk about sexual harassment https://t.co/til31lOEld https://t.co/yD4UsGNqA2"
72,CNN,0.0,0.0,2017-11-05,72,0.0,1.0,0.0,"China will surpass the US as the world's largest air travel market in the next 5 years, according to IATA forecast‚Ä¶ https://t.co/2Z3lWPEYcU"
73,CNN,0.55,0.0,2017-11-05,73,0.0,1.0,0.0,Court filings show Paul Manafort has three US passports. How many can you really own? Here's a closer look.‚Ä¶ https://t.co/J8ZLwPWG4b
74,CNN,0.16,0.0258,2017-11-05,74,0.0,0.936,0.064,"Taxes on cannabis could reach as high as 45% in parts of California, according to a report https://t.co/I7YHhQVyQB"
75,CNN,0.0,0.0,2017-11-05,75,0.0,1.0,0.0,5 changes to Obamacare open enrollment for 2018 https://t.co/4YYAEeV7AY https://t.co/5EZ40NagUq
76,CNN,0.125,-0.743,2017-11-05,76,0.272,0.645,0.082,"Syria was responsible for the sarin gas attack that killed more than 80 people earlier this year, a UN report finds‚Ä¶ https://t.co/iNixmHKv3w"
77,CNN,0.13636363636363635,0.0,2017-11-05,77,0.0,1.0,0.0,"Tropical storms and swelling sea levels could flood NYC every five years between 2030 and 2045, a new study says‚Ä¶ https://t.co/VgifeWmK27"
78,CNN,0.0,-0.2263,2017-11-05,78,0.192,0.808,0.0,The forgotten mothers and babies of Zika https://t.co/eMAtQMP2ch https://t.co/VvL589j04L
79,CNN,-0.15555555555555559,-0.8885,2017-11-05,79,0.356,0.644,0.0,"Death rates for heart disease, cancer and HIV are down in the US, but overdose death rate has risen, CDC says‚Ä¶ https://t.co/theP2foXK8"
80,CNN,0.7,0.2732,2017-11-05,80,0.0,0.826,0.174,Three surprising ways the Protestant Reformation shaped our world https://t.co/E1PkTWViEZ https://t.co/UqKvO48djs
81,CNN,0.0,0.0,2017-11-05,81,0.0,1.0,0.0,Who's who in the Trump-Russia saga https://t.co/dgSZLFL6VV https://t.co/28OKDbT1Zz
82,CNN,0.55,-0.507,2017-11-05,82,0.23,0.77,0.0,The most spectacular abandoned castles around the world https://t.co/OxU6bpIrYP via @cnntravel https://t.co/jcPzlKPu9e
83,CNN,0.0,0.2732,2017-11-05,83,0.103,0.739,0.158,This Houston officer helped save hundreds of lives during Hurricane Harvey ‚Äî while battling stage 4 colon cancer‚Ä¶ https://t.co/jyuqfEouat
84,CNN,-0.13181818181818183,-0.8442,2017-11-05,84,0.323,0.677,0.0,A new report concludes that an environmentalist's murder was part of a criminal plot that was months in the making https://t.co/1Tzc6wuXwz
85,CNN,-0.08333333333333333,-0.128,2017-11-05,85,0.14,0.739,0.121,"Two Georgia teens, friends from childhood, died from lethal doses of fentanyl on the same day and half a mile apart‚Ä¶ https://t.co/zbMZTOOZwP"
86,CNN,0.0,0.0,2017-11-05,86,0.0,1.0,0.0,A soldier deployed before he could finish painting his house. So these students jumped in to finish the job.‚Ä¶ https://t.co/ezsh2PSzYz
87,CNN,0.13636363636363635,0.0,2017-11-05,87,0.0,1.0,0.0,A new study links pesticide residues in fruits and vegetables with women's fertility issues https://t.co/watgjAiuLD https://t.co/2KTTgXZYjT
88,CNN,0.0,-0.4767,2017-11-05,88,0.237,0.763,0.0,"Eleven princes arrested in Saudi Arabian anti-corruption sweep, Al-Arabiya reports. https://t.co/09rW8uGXwp"
89,CNN,0.36818181818181817,0.4939,2017-11-05,89,0.0,0.856,0.144,Couples are turning to a new kind of dating website to save their marriage. @lisaling learns what a ‚Äúthrouple‚Äù is a‚Ä¶ https://t.co/VzaPKJQNh7
90,CNN,0.8,0.5859,2017-11-05,90,0.0,0.774,0.226,This Sports Illustrated cover from 2014 predicted the Astros' World Series win https://t.co/MU4SlGqFDk https://t.co/AJHKOQ7Jhj
91,CNN,0.0,-0.3612,2017-11-05,91,0.217,0.783,0.0,US passports will identify convicted child sex offenders https://t.co/xELM7Jyspw https://t.co/2usMVZ3MEv
92,CNN,0.0,0.2023,2017-11-05,92,0.0,0.909,0.091,"Beyonc√© will be a part of Disney's upcoming live-action version of ""The Lion King,"" playing the character of Nala‚Ä¶ https://t.co/xTvf4GcxCT"
93,CNN,-0.2277777777777778,0.0,2017-11-05,93,0.0,1.0,0.0,President Trump touched down in Japan late Saturday ahead of a 13-day trek through Asia https://t.co/4M1t2Jp1KB
94,CNN,0.06818181818181818,0.0,2017-11-05,94,0.0,1.0,0.0,"Double beds, swivel chairs. Here's a look at Singapore Airlines' new luxury suites https://t.co/0YjhV2c81O https://t.co/ulJKIq6Tus"
95,CNN,0.1,-0.4404,2017-11-05,95,0.146,0.854,0.0,"Gender inequality actually worsened around the world in 2017, according to a report from the World Economic Forum‚Ä¶ https://t.co/4wU497WQcO"
96,CNN,0.0,-0.4215,2017-11-05,96,0.149,0.851,0.0,Drone footage shows the devastation caused by Hurricane Maria in Puerto Rico's El Yunque National Rainforest‚Ä¶ https://t.co/h2f3ceauZQ
97,CNN,0.1777777777777778,0.6249,2017-11-04,97,0.0,0.814,0.186,Scientists have found evidence of a roughly 100-foot-long space hidden within the walls of the Great Pyramid of Giz‚Ä¶ https://t.co/p3daFqOt7X
98,CNN,0.10000000000000002,0.0,2017-11-04,98,0.0,1.0,0.0,This photographer spent almost a decade taking photos of Japan's vending machines in the most remote locations‚Ä¶ https://t.co/CgmY4oXKQD
99,CNN,0.0,-0.5499,2017-11-04,99,0.246,0.754,0.0,"The Las Vegas shooter had money troubles prior to the attack, but his motive is still unclear, sheriff says‚Ä¶ https://t.co/Ju8BhpZVfD"
0,BBC,-0.25,-0.6705,2017-11-05,0,0.191,0.809,0.0,"RT @BBCBreaking: At least 27 people killed in Texas church shooting, police commissioner in Sutherland Springs tells US media https://t.co/‚Ä¶"
1,BBC,0.0,0.0,2017-11-05,1,0.0,1.0,0.0,üé• @LouisTheroux meets disaffected former members of the Church of Scientology. #MyScientologyMovie. Tonight at 9pm‚Ä¶ https://t.co/5hRLxriwiW
2,BBC,-0.14583333333333331,-0.4215,2017-11-05,2,0.203,0.797,0.0,When your other half cheats on you with #StrangerThings. üò° Via @BBCTheSocial. https://t.co/NOpHOfbIKb
3,BBC,0.2,0.0,2017-11-05,3,0.0,1.0,0.0,üòã Family favourites at their finest. Check out these recipes for 10 absolute classics. üëâ https://t.co/kFD6BsfO6q https://t.co/xw1Q5SYadk
4,BBC,0.0,0.4939,2017-11-05,4,0.0,0.758,0.242,Second hand smoke affects our pets too. üö≠üê∂ Via @BBCBreakfast. https://t.co/TCdA8m85dm
5,BBC,0.13214285714285715,0.0,2017-11-05,5,0.0,1.0,0.0,It took more than 1 man on a single night to nearly change the course of British history. üî• #BonfireNight.‚Ä¶ https://t.co/RnzZm8yh9j
6,BBC,0.0,0.0,2017-11-05,6,0.0,1.0,0.0,"'It's one of those stories you think you know. Then you realise you just don't.'

Do you know the real‚Ä¶ https://t.co/M8np5ep1yz"
7,BBC,0.25,-0.1027,2017-11-05,7,0.062,0.938,0.0,"üí∞ü•É How much would you pay for a cask of rare Scotch whisky? An anonymous buyer in Hong Kong just dropped ¬£285,000.‚Ä¶ https://t.co/ZzUInzNqEo"
8,BBC,0.0,0.0,2017-11-05,8,0.0,1.0,0.0,"#PeakyBlinders series 4 returns to @BBCTwo, Wednesday 15th November at 9pm. https://t.co/lbVlyzhb4p"
9,BBC,0.0,0.0,2017-11-05,9,0.0,1.0,0.0,"Tonight, #BluePlanet2 makes a groundbreaking journey to the depths of the ocean. 8pm on @BBCOne. üêü üê° üêô‚Ä¶ https://t.co/S3gcHqmTMf"
10,BBC,0.0,-0.3182,2017-11-05,10,0.173,0.827,0.0,Moynaq: The port city that lost its water. üí¶ Via @BBC_Travel. https://t.co/Qr1ZLExpBb https://t.co/G8QxO8qAZ5
11,BBC,0.5625,0.3802,2017-11-05,11,0.0,0.844,0.156,"Having a bonfire today? üî•
Make sure you think about the hedgehogs! Via @BBCSpringwatch.

More üëâ‚Ä¶ https://t.co/zbHOX6yl9O"
12,BBC,0.475,0.5994,2017-11-05,12,0.0,0.782,0.218,From wild goats to woodland walks - here are your pictures of beautiful Scotland. üì∑ https://t.co/sv03yk0H76 https://t.co/KHKNGXcROU
13,BBC,0.5,0.0,2017-11-05,13,0.0,1.0,0.0,"Can @Joe_Sugg zip it for 30s? 
If chatting is your thing, how about a sponsored silence for #CiN? 
More ideas here‚Ä¶ https://t.co/OPA2UMuuPZ"
14,BBC,0.0,0.0,2017-11-05,14,0.0,1.0,0.0,Guy Fawkes: Why do bonfires still burn 400 years on? üî• #BonfireNight #GuyFawkesNight. https://t.co/dAKAZY4ZEX https://t.co/lsiivkKSgk
15,BBC,0.0,0.0,2017-11-05,15,0.0,1.0,0.0,üêô A group of octopuses were seen taking a leisurely stroll along a Ceredigion beach last Friday night. Via‚Ä¶ https://t.co/n3jq0oNT7J
16,BBC,0.0,0.0772,2017-11-05,16,0.0,0.942,0.058,üèôBy 2050 70% of the world's population will be living in cities. Time to radically rethink what we want from a city‚Ä¶ https://t.co/pz5xleBKWz
17,BBC,0.6,-0.2349,2017-11-05,17,0.096,0.852,0.052,"‚öΩÔ∏è‚úä When the boys wouldn't let them play football, these girls took matters into their own hands. Via @BBC100Women. https://t.co/0j68Wbrr3Z"
18,BBC,0.0,0.0,2017-11-05,18,0.0,1.0,0.0,".@LindaRobson58, @tomallencomedy, @misJORGIEPORTER &amp; @OreOduba star in @GrumpyLGoodman's Partners in Rhyme:‚Ä¶ https://t.co/SLJlz8D01M"
19,BBC,0.13636363636363635,0.0,2017-11-05,19,0.0,1.0,0.0,"üé¨ From the new Pixar animation to Oscar-favourite coming-of-age stories, here are 10 films to watch this November.üëâ‚Ä¶ https://t.co/NqtcuUqOXN"
20,BBC,-0.25,-0.6705,2017-11-05,20,0.191,0.809,0.0,"RT @BBCBreaking: At least 27 people killed in Texas church shooting, police commissioner in Sutherland Springs tells US media https://t.co/‚Ä¶"
21,BBC,0.0,0.0,2017-11-05,21,0.0,1.0,0.0,üé• @LouisTheroux meets disaffected former members of the Church of Scientology. #MyScientologyMovie. Tonight at 9pm‚Ä¶ https://t.co/5hRLxriwiW
22,BBC,-0.14583333333333331,-0.4215,2017-11-05,22,0.203,0.797,0.0,When your other half cheats on you with #StrangerThings. üò° Via @BBCTheSocial. https://t.co/NOpHOfbIKb
23,BBC,0.2,0.0,2017-11-05,23,0.0,1.0,0.0,üòã Family favourites at their finest. Check out these recipes for 10 absolute classics. üëâ https://t.co/kFD6BsfO6q https://t.co/xw1Q5SYadk
24,BBC,0.0,0.4939,2017-11-05,24,0.0,0.758,0.242,Second hand smoke affects our pets too. üö≠üê∂ Via @BBCBreakfast. https://t.co/TCdA8m85dm
25,BBC,0.13214285714285715,0.0,2017-11-05,25,0.0,1.0,0.0,It took more than 1 man on a single night to nearly change the course of British history. üî• #BonfireNight.‚Ä¶ https://t.co/RnzZm8yh9j
26,BBC,0.0,0.0,2017-11-05,26,0.0,1.0,0.0,"'It's one of those stories you think you know. Then you realise you just don't.'

Do you know the real‚Ä¶ https://t.co/M8np5ep1yz"
27,BBC,0.25,-0.1027,2017-11-05,27,0.062,0.938,0.0,"üí∞ü•É How much would you pay for a cask of rare Scotch whisky? An anonymous buyer in Hong Kong just dropped ¬£285,000.‚Ä¶ https://t.co/ZzUInzNqEo"
28,BBC,0.0,0.0,2017-11-05,28,0.0,1.0,0.0,"#PeakyBlinders series 4 returns to @BBCTwo, Wednesday 15th November at 9pm. https://t.co/lbVlyzhb4p"
29,BBC,0.0,0.0,2017-11-05,29,0.0,1.0,0.0,"Tonight, #BluePlanet2 makes a groundbreaking journey to the depths of the ocean. 8pm on @BBCOne. üêü üê° üêô‚Ä¶ https://t.co/S3gcHqmTMf"
30,BBC,0.0,-0.3182,2017-11-05,30,0.173,0.827,0.0,Moynaq: The port city that lost its water. üí¶ Via @BBC_Travel. https://t.co/Qr1ZLExpBb https://t.co/G8QxO8qAZ5
31,BBC,0.5625,0.3802,2017-11-05,31,0.0,0.844,0.156,"Having a bonfire today? üî•
Make sure you think about the hedgehogs! Via @BBCSpringwatch.

More üëâ‚Ä¶ https://t.co/zbHOX6yl9O"
32,BBC,0.475,0.5994,2017-11-05,32,0.0,0.782,0.218,From wild goats to woodland walks - here are your pictures of beautiful Scotland. üì∑ https://t.co/sv03yk0H76 https://t.co/KHKNGXcROU
33,BBC,0.5,0.0,2017-11-05,33,0.0,1.0,0.0,"Can @Joe_Sugg zip it for 30s? 
If chatting is your thing, how about a sponsored silence for #CiN? 
More ideas here‚Ä¶ https://t.co/OPA2UMuuPZ"
34,BBC,0.0,0.0,2017-11-05,34,0.0,1.0,0.0,Guy Fawkes: Why do bonfires still burn 400 years on? üî• #BonfireNight #GuyFawkesNight. https://t.co/dAKAZY4ZEX https://t.co/lsiivkKSgk
35,BBC,0.0,0.0,2017-11-05,35,0.0,1.0,0.0,üêô A group of octopuses were seen taking a leisurely stroll along a Ceredigion beach last Friday night. Via‚Ä¶ https://t.co/n3jq0oNT7J
36,BBC,0.0,0.0772,2017-11-05,36,0.0,0.942,0.058,üèôBy 2050 70% of the world's population will be living in cities. Time to radically rethink what we want from a city‚Ä¶ https://t.co/pz5xleBKWz
37,BBC,0.6,-0.2349,2017-11-05,37,0.096,0.852,0.052,"‚öΩÔ∏è‚úä When the boys wouldn't let them play football, these girls took matters into their own hands. Via @BBC100Women. https://t.co/0j68Wbrr3Z"
38,BBC,0.0,0.0,2017-11-05,38,0.0,1.0,0.0,".@LindaRobson58, @tomallencomedy, @misJORGIEPORTER &amp; @OreOduba star in @GrumpyLGoodman's Partners in Rhyme:‚Ä¶ https://t.co/SLJlz8D01M"
39,BBC,0.13636363636363635,0.0,2017-11-05,39,0.0,1.0,0.0,"üé¨ From the new Pixar animation to Oscar-favourite coming-of-age stories, here are 10 films to watch this November.üëâ‚Ä¶ https://t.co/NqtcuUqOXN"
40,BBC,0.0,0.0,2017-11-05,40,0.0,1.0,0.0,"RT @BBCWthrWatchers: Morning all! Only one way to start our Sunday and that's with a bit of ...

üéÜOooooooooo! üéÜ Aahhhhhhhhhh!üéÜ https://t.co‚Ä¶"
41,BBC,0.5,0.3818,2017-11-05,41,0.0,0.822,0.178,"RT @BBCSpringwatch: Stunning capture of puffins at the Isle of May, Scotland. https://t.co/cBWxx9rQav"
42,BBC,0.09999999999999998,0.2263,2017-11-05,42,0.0,0.917,0.083,RT @BBCFood: Heading to the fireworks later? Put this in the slow cooker and warm up when you get home https://t.co/EPJfvmFkfS https://t.co‚Ä¶
43,BBC,0.875,0.8316,2017-11-05,43,0.0,0.729,0.271,"RT @bbcstrictly: Debbie‚Äôs Tango gets a remarkable reaction from Craig, and Ruth‚Äôs Paso doesn‚Äôt quite go to plan. Watch the best bits from #‚Ä¶"
44,BBC,0.0,0.0,2017-11-05,44,0.0,1.0,0.0,üéáüéÜ Why do we have Bonfire Night and fireworks displays every November 5 in the UK? https://t.co/lYBHme3LJZ https://t.co/qln8Tk64FN
45,BBC,-0.4,0.7096,2017-11-05,45,0.0,0.688,0.312,ü•öüç≥ Eggs for breakfast anyone? @Nigella_Lawson shares her secret for poached perfection. Via @BBC5Live. https://t.co/vnyAxh4gGU
46,BBC,0.0,-0.2406,2017-11-04,46,0.085,0.915,0.0,"RT @bbcmusic: ""What do you think of Chip N Pin House..?"" üòÜüòÇ
Did you miss last night's #SLFN with @LiamPayne?
Catch up üëâ https://t.co/6VxEw9‚Ä¶"
47,BBC,0.390625,0.0,2017-11-04,47,0.0,1.0,0.0,RT @bbcstrictly: The first 40 of #Strictly 2017! For @thedebbiemcgee and @pernicegiovann1! https://t.co/QOmbUBbH9U
48,BBC,0.5,0.296,2017-11-04,48,0.124,0.702,0.174,"Tonight, Josh is back and at his irritated best. @JoshWiddicombe: What Do I Do Now... 9pm on @BBCTwo. üòÇ‚Ä¶ https://t.co/Do2c1i94m7"
49,BBC,0.0,-0.8271,2017-11-04,49,0.42,0.58,0.0,.@LouisTheroux spends time with those battling the psychiatric disorder with the highest death rate.‚Ä¶ https://t.co/2BHScuxQB5
50,BBC,0.0,0.0,2017-11-04,50,0.0,1.0,0.0,"Tonight, I Know Who You Are returns. 9pm on @BBCFour. https://t.co/DfGhcMNagW https://t.co/ecgQjgPaIx"
51,BBC,0.2,0.0772,2017-11-04,51,0.086,0.817,0.097,ü•ï You don't have to spend lots of time peeling &amp; chopping to make moreish veggie meals. These are ready in no time.‚Ä¶ https://t.co/x8cDwQQVJd
52,BBC,0.0,0.0,2017-11-04,52,0.0,1.0,0.0,"üêùü¶ãüêõ 'Anything that flies &amp; crawls, I illustrate them.' ~ @RLewington2.
Via @BBCSpringwatch. https://t.co/o2fbgbTVBw"
53,BBC,0.0,-0.3182,2017-11-04,53,0.173,0.827,0.0,"'I lost ¬£5,000 in 48 hours on fixed-odds betting machines.' https://t.co/8wIVhcOP7n https://t.co/D0GELRXjwe"
54,BBC,0.0,0.25,2017-11-04,54,0.0,0.92,0.08,"Israa &amp; her family fled Syria in 2015. Now granted asylum in Germany, she‚Äôs rebuilt her life &amp; can go to school aga‚Ä¶ https://t.co/pTFFUJQ3Lj"
55,BBC,0.0,0.3612,2017-11-04,55,0.073,0.777,0.15,"Pro surfer, Heidar Logi braves Iceland's freezing conditions to surf under the Northern Lights. üåäüèÑ Via‚Ä¶ https://t.co/6cPd5lVami"
56,BBC,0.0,0.7929,2017-11-04,56,0.0,0.719,0.281,"What would you do if you won the lottery? Buy a house? Travel? 

Rachel Lapierre set up the charity, @LHumanitaire.‚Ä¶ https://t.co/Xu0ld6bBAn"
57,BBC,0.5,0.4877,2017-11-04,57,0.0,0.843,0.157,"Amy Winehouse, @Adele, @LoyleCarner &amp; @EllaEyre all went to @TheBRITSchool. But it's more than just a fame academy.‚Ä¶ https://t.co/u4UL7qZKCr"
58,BBC,0.0,0.0,2017-11-04,58,0.0,1.0,0.0,Trucker culture is dying with automation ‚Äì and with it millions of jobs. üöõ https://t.co/UgdVkYIbFU https://t.co/71XSYxlaZt
59,BBC,0.27777777777777773,0.5994,2017-11-04,59,0.0,0.837,0.163,"RT @BBCMOTD: Peter Crouch = super sub.

His 15th goal as a sub.

Only Defoe (23), Kanu and Solskjaer (17) have more.

https://t.co/8UftsSAX‚Ä¶"
60,BBC,0.0,0.0,2017-11-04,60,0.0,1.0,0.0,"RT @BBCSport: FT England 29-10 Lebanon

Get all the reaction on @BBCTwo &amp; @5liveSport Extra üëâ https://t.co/KklI8h3yma #RLWC2017 #bbcrl #ENG‚Ä¶"
61,BBC,0.0,0.0,2017-11-04,61,0.0,1.0,0.0,"RT @BBCSport: Felipe Massa will retire from #F1  at the end of this season.

Find out moreüëâ https://t.co/STCmQnwvzK https://t.co/eSlDcW15wV"
62,BBC,0.8,0.4588,2017-11-04,62,0.0,0.857,0.143,"RT @BBCOne: Welcome to the family business. 

@jginorton leads an all-star cast in #McMafia. Coming soon to @BBCOne. https://t.co/We5GwJk4i0"
63,BBC,-0.125,0.0,2017-11-04,63,0.0,1.0,0.0,RT @bbcthree: This barber reminds us how small actions can make a big difference. https://t.co/YelP68UZxh
64,BBC,1.0,0.6369,2017-11-04,64,0.0,0.846,0.154,"Did you know there‚Äôs a best time to eat, think &amp; do sport? It‚Äôs not just our brain's clock that keeps time for us.‚Ä¶ https://t.co/76BDqzsz7k"
65,BBC,0.0,-0.6249,2017-11-04,65,0.362,0.638,0.0,Police discover a suspected 'WW2 bomb' is actually a big courgette. https://t.co/YyKrAVnycQ https://t.co/vdZnam8Bjt
66,BBC,0.0,-0.3612,2017-11-04,66,0.122,0.878,0.0,"'We have our stories, struggles &amp; power. We just need to be represented.' Meet the photographer reframing beauty.üì∏‚úä‚Ä¶ https://t.co/bPTmyHcNfy"
67,BBC,0.5,0.0,2017-11-04,67,0.0,1.0,0.0,üöÄ ‚ú® Did you know that Disney is the largest consumer of fireworks in the world? More firework facts üëâ‚Ä¶ https://t.co/QLVen2LXWX
68,BBC,0.0,0.0,2017-11-04,68,0.0,1.0,0.0,Can‚Äôt get enough of #BluePlanet2? Take a deeper dive into the science of the show with this podcast. üëâ‚Ä¶ https://t.co/qhoRuQ0PXz
69,BBC,-0.2,-0.3182,2017-11-04,69,0.119,0.881,0.0,"Twitter users were left confused after the name ""Sue"" was discovered etched into an Oxfordshire field. #WhoIsSue‚Ä¶ https://t.co/VZFnZ62n7A"
70,BBC,0.0,-0.25,2017-11-04,70,0.172,0.693,0.135,"To celebrate Murder on the Orient Express hitting UK cinemas, here are seven train movies to set the pulse racing.‚Ä¶ https://t.co/PqTALE0vcn"
71,BBC,0.0,0.0,2017-11-04,71,0.0,1.0,0.0,Someone has farted on @grahnort's sofa...but who was it? üòÇ (Via @BBCOne) https://t.co/zG2YvGvac9
72,BBC,0.15000000000000002,-0.1531,2017-11-04,72,0.155,0.675,0.171,There remains intense interest in Ruan Lingyu &amp; the mystery surrounding her death. Who was the enigmatic film star?‚Ä¶ https://t.co/hFtAJiePry
73,BBC,0.2,-0.1779,2017-11-04,73,0.195,0.805,0.0,Gossip travels fast in Shetland. üòÇ Via @BBCTheSocial. https://t.co/vzZq1YZUYI
74,BBC,0.4523809523809524,0.8225,2017-11-04,74,0.0,0.699,0.301,"RT @BBCCiN: The best brains in Britain are building life-changing solutions for children in the #CiN Big Life Fix special.

@BBCTwo‚Äã Wed 8t‚Ä¶"
75,BBC,0.0,0.4019,2017-11-04,75,0.0,0.856,0.144,"RT @CBeebiesHQ: Whatever the weather, keep your kids entertained this #autumn with these 5 ideas...

üçÅüçÇ https://t.co/wT8oVaVYqg üôå

@HEYDUGG‚Ä¶"
76,BBC,0.55,0.7351,2017-11-04,76,0.0,0.788,0.212,"RT @5liveSport: ""My kids saw me in a state that a kid should never see his Dad""

This is powerful stuff: 
Stiliyan Petrov on his brave batt‚Ä¶"
77,BBC,0.43333333333333335,0.7644,2017-11-04,77,0.0,0.645,0.355,"Happy 2nd birthday @BBCWthrWatchers! üéàüéâ
Keep those stunning photos rolling in. üì∏üå§ https://t.co/FOzCyLKlrB https://t.co/Tcy4xYfHWs"
78,BBC,0.25,0.0,2017-11-04,78,0.0,1.0,0.0,The bloodworm is one of the many 'stars' to feature in a venomous animals exhibition at @NHM_London next week. üòµ‚Ä¶ https://t.co/XxCmXRBhSS
79,BBC,0.425,0.5994,2017-11-04,79,0.0,0.794,0.206,And...relax. Spend three minutes in the beautiful British countryside with this footage from @BBCSpringwatch's wild‚Ä¶ https://t.co/K3XJtvBbtW
80,BBC,0.0,0.3744,2017-11-03,80,0.0,0.811,0.189,"RT @bbcmusic: ""I'm more of a @CherylOfficial fan actually"" üòÇ

(Sorry @LiamPayne)

#SLFN https://t.co/MXxDilJSq3"
81,BBC,0.5833333333333334,0.5719,2017-11-03,81,0.0,0.764,0.236,"RT @BBCSport: The perfect recipe for an FA Cup classic.

#WinnerStaysOn #bbcfacup https://t.co/wP1fszdCvU"
82,BBC,0.0,0.0,2017-11-03,82,0.0,1.0,0.0,"RT @BBCNewsbeat: Beyonc√©, here's some advice from the cast of The Lion King musical in London ü¶Å

""Try not to outshine [the rest of the cast‚Ä¶"
83,BBC,0.2,-0.5994,2017-11-03,83,0.206,0.794,0.0,"In childbirth, a simple light can be the difference between life &amp; death. üí°#BBCInnovators #SoCent @BBCWorldService.‚Ä¶ https://t.co/mNFqNg0glJ"
84,BBC,-0.5,-0.6249,2017-11-03,84,0.24,0.76,0.0,"'When I Google @Harry_Styles worst outfit, it's all the same picture'. üòÇ Watch #HarryStylesAtTheBBC üëâ‚Ä¶ https://t.co/UjOJ1LcyQt"
85,BBC,0.0,-0.2942,2017-11-03,85,0.144,0.856,0.0,"ü•êüéÑ‚ú® Forget about the Cronut, a mince pie croissant is coming for Christmas! 
https://t.co/mrTI8CLn2r https://t.co/7BYkA8Vv3n"
86,BBC,0.0,-0.6369,2017-11-03,86,0.259,0.741,0.0,What drives someone to send abusive messages to a stranger online? Via @BBCTheSocial. https://t.co/Cxo8DuEtG6
87,BBC,0.0,0.3818,2017-11-03,87,0.0,0.843,0.157,"If women suddenly became physically stronger than men, how would society change? üí™üë© https://t.co/qwZ5idgRsX https://t.co/zoJH7Pf6fm"
88,BBC,0.0,0.0,2017-11-03,88,0.0,1.0,0.0,"üì∫ üëÄ @EdSheeran, @LiamGallagher and @BigNarstie to appear on Celebrity Gogglebox. https://t.co/Fh0SK8VjP4 https://t.co/6re7dX2vf3"
89,BBC,0.0,0.0,2017-11-03,89,0.0,1.0,0.0,Jumping into the weekend like... #FridayFeeling https://t.co/Bn7SDR8280
90,BBC,0.5,0.7906,2017-11-03,90,0.0,0.708,0.292,üçü From @Harry_Styles' love of Sister Act to the way he likes his chips: what we learned from #HarryStylesAtTheBBC.‚Ä¶ https://t.co/zHLFRFTXoh
91,BBC,0.0,0.0,2017-11-03,91,0.0,1.0,0.0,"There's still time to catch up on last week's #SLFN ahead of tonight's show, guest-hosted by @LiamPayne! üôåüòç
Watch üëâ‚Ä¶ https://t.co/gvwjlpjsVJ"
92,BBC,0.2,0.3612,2017-11-03,92,0.0,0.839,0.161,Ready to watch @Harry_Styles' show again? Us too. üôå üíú #HarryStylesAtTheBBC is on @BBCiPlayer now.‚Ä¶ https://t.co/V3VkJHKToA
93,BBC,0.37857142857142856,0.4019,2017-11-03,93,0.0,0.863,0.137,"RT @bbcpress: Helena Bonham Carter narrates #SayingGoodbye, a special film for #CiN to shed a light on Childhood Bereavement: https://t.co/‚Ä¶"
94,BBC,-0.1,0.0,2017-11-03,94,0.0,1.0,0.0,"RT @BBCSpringwatch: Remember, you can catch up with #Autumnwatch for the next few weeks
https://t.co/U7yr1lnpLm https://t.co/B1diCYr9zG"
95,BBC,0.2,0.6439,2017-11-03,95,0.0,0.653,0.347,"RT @bbcmusic: üôå @LiamPayne we are SO READY üòç
#SLFN https://t.co/GWU3xAKmpq"
96,BBC,0.5555555555555555,0.8658,2017-11-03,96,0.0,0.662,0.338,"RT @1Xtra: We've got the awesome @MayaJama for the 1st time üòµ in for @YasminEvans till 16:00 you lucky lucky people üíù

üôèüèæ  https://t.co/xZV‚Ä¶"
97,BBC,0.1,0.0,2017-11-03,97,0.0,1.0,0.0,"RT @BBCTwo: Before the #PeakyBlinders return for Series 4, take an animated walk through the story so far... üòç https://t.co/3JhEYPsOTc"
98,BBC,0.0,0.0,2017-11-03,98,0.0,1.0,0.0,In pictures: here's how the weather looked around the world this week. üåßüçÇüåó https://t.co/vYCLWW9pu1 https://t.co/KBg4tRImNB
99,BBC,0.0,0.0,2017-11-03,99,0.0,1.0,0.0,"Scientists think that we've been wearing shoes for 40,000 years. Where did the different styles of shoes start? üë†‚Ä¶ https://t.co/rjLMvh8WmF"
0,CBS,0.024999999999999994,0.4199,2017-11-05,0,0.0,0.872,0.128,Get ready for football! Stream NFL on CBS today w/ #CBSAllAccess (not available on mobile phones). Try 1 week FREE:‚Ä¶ https://t.co/BJOWnqgBgc
1,CBS,0.17045454545454544,0.0,2017-11-04,1,0.0,1.0,0.0,Stream the LSU Tigers at Alabama Crimson Tide LIVE tonight at 8PM ET! Try #CBSAllAccess FREE:‚Ä¶ https://t.co/L2k6pXwRIp
2,CBS,0.17045454545454544,0.0,2017-11-04,2,0.0,1.0,0.0,Stream the South Carolina Gamecocks at Georgia Bulldogs LIVE today at 3:30PM ET! Try #CBSAllAccess FREE:‚Ä¶ https://t.co/f3nZLlh7Vv
3,CBS,0.4,0.6166,2017-11-03,3,0.0,0.776,0.224,Stream the season premiere of #LifeInPieces tonight at 9:30/8:30c with a FREE trial of #CBSAllAccess:‚Ä¶ https://t.co/FMHinKs6si
4,CBS,0.0,0.0,2017-11-02,4,0.0,1.0,0.0,RT @swatcbs: .@ShemarMoore takes command tonight on the series premiere of #SWAT at 10/9c on @CBS &amp; CBS All Access: https://t.co/ANyt4qF6iF‚Ä¶
5,CBS,0.4,0.6514,2017-11-02,5,0.0,0.797,0.203,It's almost time! Stream the series premiere of #SWAT tonight at 10/9c with a FREE trial of #CBSAllAccess:‚Ä¶ https://t.co/lpPKp9ayTJ
6,CBS,0.5333333333333333,0.6369,2017-11-02,6,0.0,0.819,0.181,RT @CBSThisMorning: Listen to @IainLoveTheatre chat w/ @Mistahwax about making @YoungSheldonCBS his own + his love for Broadway &amp; magic: ht‚Ä¶
7,CBS,0.2,0.6514,2017-11-02,7,0.0,0.806,0.194,The ladies are back! Stream the season premiere of #Mom tonight at 9/8c with a FREE trial of #CBSAllAccess:‚Ä¶ https://t.co/y4vL5wMSEM
8,CBS,-0.125,0.0,2017-11-02,8,0.0,1.0,0.0,"Buffalo viewers: Due to NFL, stream the CBS lineup on-demand at https://t.co/bbQB95EVxJ tonight. For more:‚Ä¶ https://t.co/u9U9P7Ggqq"
9,CBS,-0.0625,0.0,2017-11-02,9,0.0,1.0,0.0,"NYC viewers ONLY: Due to NFL, tune in to WLNY for CBS Thursday night lineup, or stream on https://t.co/2XNQAg6gJ6 l‚Ä¶ https://t.co/LHJahNFRi3"
10,CBS,-0.0625,0.0,2017-11-02,10,0.0,1.0,0.0,"Buffalo viewers ONLY: Due to NFL, stream CBS Thursday night lineup on-demand at https://t.co/bbQB95Wwph. For more:‚Ä¶ https://t.co/Fzpq2sTzqY"
11,CBS,-0.0625,0.0,2017-11-02,11,0.0,1.0,0.0,"NYC viewers ONLY: Due to NFL, tune in to WLNY for CBS Thursday night lineup, or stream on https://t.co/2XNQAgnRAE l‚Ä¶ https://t.co/fnwck6n2uv"
12,CBS,0.0,0.0,2017-11-01,12,0.0,1.0,0.0,"RT @ManWithAPlan: Hi-five, fans! #ManWithAPlan will premiere Monday, Nov. 13 at 8:30/7:30c on @CBS!üñêüèº https://t.co/njrMa5S6Qz"
13,CBS,0.3035714285714286,0.8932,2017-11-01,13,0.05,0.457,0.494,Ready to trick or treat! Celebrate tonight with Michael Jackson's Halloween special on CBS: https://t.co/T3hlVVTfSB‚Ä¶ https://t.co/e9ztbUeae0
14,CBS,1.0,0.7959,2017-10-31,14,0.0,0.608,0.392,Happy #Halloween! Grab your friends and watch Michael Jackson's Halloween tonight: https://t.co/T3hlVVTfSB‚Ä¶ https://t.co/Kg5bxNqwTp
15,CBS,1.0,0.7574,2017-10-31,15,0.071,0.533,0.396,Trick or treat. üéÉ Happy Halloween! Catch up on #MJHalloween now:  https://t.co/T3hlVVTfSB https://t.co/DMyE1q4scs
16,CBS,0.2,0.6124,2017-10-31,16,0.0,0.737,0.263,RT @swatcbs: Get ready for a thrill ride this Thursday with the series premiere of #SWAT. https://t.co/xz92zXp6kR
17,CBS,0.3625,0.6996,2017-10-31,17,0.0,0.734,0.266,Join the fun with Jim Parsons as Hay Man in Michael Jackson's Halloween! Watch the full special:‚Ä¶ https://t.co/Y1FKFnRd0p
18,CBS,0.13636363636363635,0.0572,2017-10-30,18,0.05,0.892,0.059,RT @SuperiorDonuts: You won't want to miss the #SuperiorDonuts Season 2 premiere tonight at its new time: 9/8c on CBS &amp; CBS All Access: htt‚Ä¶
19,CBS,0.0,0.2732,2017-10-30,19,0.0,0.89,0.11,RT @SuperiorDonuts: Should we blindfold @jermaineFOWLER and see how well he can guess the flavor of donuts? #SuperiorDonuts
20,CBS,0.024999999999999994,0.4199,2017-11-05,20,0.0,0.872,0.128,Get ready for football! Stream NFL on CBS today w/ #CBSAllAccess (not available on mobile phones). Try 1 week FREE:‚Ä¶ https://t.co/BJOWnqgBgc
21,CBS,0.17045454545454544,0.0,2017-11-04,21,0.0,1.0,0.0,Stream the LSU Tigers at Alabama Crimson Tide LIVE tonight at 8PM ET! Try #CBSAllAccess FREE:‚Ä¶ https://t.co/L2k6pXwRIp
22,CBS,0.17045454545454544,0.0,2017-11-04,22,0.0,1.0,0.0,Stream the South Carolina Gamecocks at Georgia Bulldogs LIVE today at 3:30PM ET! Try #CBSAllAccess FREE:‚Ä¶ https://t.co/f3nZLlh7Vv
23,CBS,0.4,0.6166,2017-11-03,23,0.0,0.776,0.224,Stream the season premiere of #LifeInPieces tonight at 9:30/8:30c with a FREE trial of #CBSAllAccess:‚Ä¶ https://t.co/FMHinKs6si
24,CBS,0.0,0.0,2017-11-02,24,0.0,1.0,0.0,RT @swatcbs: .@ShemarMoore takes command tonight on the series premiere of #SWAT at 10/9c on @CBS &amp; CBS All Access: https://t.co/ANyt4qF6iF‚Ä¶
25,CBS,0.4,0.6514,2017-11-02,25,0.0,0.797,0.203,It's almost time! Stream the series premiere of #SWAT tonight at 10/9c with a FREE trial of #CBSAllAccess:‚Ä¶ https://t.co/lpPKp9ayTJ
26,CBS,0.5333333333333333,0.6369,2017-11-02,26,0.0,0.819,0.181,RT @CBSThisMorning: Listen to @IainLoveTheatre chat w/ @Mistahwax about making @YoungSheldonCBS his own + his love for Broadway &amp; magic: ht‚Ä¶
27,CBS,0.2,0.6514,2017-11-02,27,0.0,0.806,0.194,The ladies are back! Stream the season premiere of #Mom tonight at 9/8c with a FREE trial of #CBSAllAccess:‚Ä¶ https://t.co/y4vL5wMSEM
28,CBS,-0.125,0.0,2017-11-02,28,0.0,1.0,0.0,"Buffalo viewers: Due to NFL, stream the CBS lineup on-demand at https://t.co/bbQB95EVxJ tonight. For more:‚Ä¶ https://t.co/u9U9P7Ggqq"
29,CBS,-0.0625,0.0,2017-11-02,29,0.0,1.0,0.0,"NYC viewers ONLY: Due to NFL, tune in to WLNY for CBS Thursday night lineup, or stream on https://t.co/2XNQAg6gJ6 l‚Ä¶ https://t.co/LHJahNFRi3"
30,CBS,-0.0625,0.0,2017-11-02,30,0.0,1.0,0.0,"Buffalo viewers ONLY: Due to NFL, stream CBS Thursday night lineup on-demand at https://t.co/bbQB95Wwph. For more:‚Ä¶ https://t.co/Fzpq2sTzqY"
31,CBS,-0.0625,0.0,2017-11-02,31,0.0,1.0,0.0,"NYC viewers ONLY: Due to NFL, tune in to WLNY for CBS Thursday night lineup, or stream on https://t.co/2XNQAgnRAE l‚Ä¶ https://t.co/fnwck6n2uv"
32,CBS,0.0,0.0,2017-11-01,32,0.0,1.0,0.0,"RT @ManWithAPlan: Hi-five, fans! #ManWithAPlan will premiere Monday, Nov. 13 at 8:30/7:30c on @CBS!üñêüèº https://t.co/njrMa5S6Qz"
33,CBS,0.3035714285714286,0.8932,2017-11-01,33,0.05,0.457,0.494,Ready to trick or treat! Celebrate tonight with Michael Jackson's Halloween special on CBS: https://t.co/T3hlVVTfSB‚Ä¶ https://t.co/e9ztbUeae0
34,CBS,1.0,0.7959,2017-10-31,34,0.0,0.608,0.392,Happy #Halloween! Grab your friends and watch Michael Jackson's Halloween tonight: https://t.co/T3hlVVTfSB‚Ä¶ https://t.co/Kg5bxNqwTp
35,CBS,1.0,0.7574,2017-10-31,35,0.071,0.533,0.396,Trick or treat. üéÉ Happy Halloween! Catch up on #MJHalloween now:  https://t.co/T3hlVVTfSB https://t.co/DMyE1q4scs
36,CBS,0.2,0.6124,2017-10-31,36,0.0,0.737,0.263,RT @swatcbs: Get ready for a thrill ride this Thursday with the series premiere of #SWAT. https://t.co/xz92zXp6kR
37,CBS,0.3625,0.6996,2017-10-31,37,0.0,0.734,0.266,Join the fun with Jim Parsons as Hay Man in Michael Jackson's Halloween! Watch the full special:‚Ä¶ https://t.co/Y1FKFnRd0p
38,CBS,0.13636363636363635,0.0572,2017-10-30,38,0.05,0.892,0.059,RT @SuperiorDonuts: You won't want to miss the #SuperiorDonuts Season 2 premiere tonight at its new time: 9/8c on CBS &amp; CBS All Access: htt‚Ä¶
39,CBS,0.0,0.2732,2017-10-30,39,0.0,0.89,0.11,RT @SuperiorDonuts: Should we blindfold @jermaineFOWLER and see how well he can guess the flavor of donuts? #SuperiorDonuts
40,CBS,0.09523809523809523,0.0,2017-10-30,40,0.0,1.0,0.0,RT @swatcbs: Sometimes following the rules &amp; doing what's right isn't always the same thing. #SWAT premieres this Thursday at 10/9c on @CBS‚Ä¶
41,CBS,-0.15555555555555559,0.0,2017-10-30,41,0.0,1.0,0.0,RT @swatcbs: Start breaking down some doors in three days with the series premiere of #SWAT. https://t.co/X8OTd8OE9y
42,CBS,0.0,0.2481,2017-10-30,42,0.0,0.889,0.111,Find out if Vincent &amp; Victoria will escape Meriwether on Michael Jackson's Halloween! Watch it now:‚Ä¶ https://t.co/dqNk6OZ1XJ
43,CBS,0.13636363636363635,0.3612,2017-10-30,43,0.0,0.884,0.116,"RT @NoActivityCBS: #NoActivity is a new CBS All Access comedy from‚Äã ‚ÄãWill Ferrell, Adam McKay &amp; @funnyordie. Contains explicit language int‚Ä¶"
44,CBS,0.13636363636363635,0.1139,2017-10-30,44,0.0,0.917,0.083,"Don't miss @KelseaBallerini headline #TheThanksgivingDayParade on CBS, live from New York City on Thurs, Nov. 23.‚Ä¶ https://t.co/ig74zfxFPy"
45,CBS,0.13125,0.3612,2017-10-30,45,0.0,0.872,0.128,RT @startrekcbs: Get ready to experience some major d√©j√† vu. Episode 7 of #StarTrekDiscovery is now streaming: https://t.co/dz1lwvT52d http‚Ä¶
46,CBS,0.13636363636363635,-0.2263,2017-10-29,46,0.091,0.909,0.0,"#CBS is delayed 29 minutes in New York City, Philly, NOLA &amp; parts of Louisiana, Atlanta, Charlotte, Tampa, Chicago,‚Ä¶ https://t.co/ZM9bTTgxYE"
47,CBS,-0.01428571428571429,-0.1759,2017-10-29,47,0.161,0.711,0.128,These moves are dangerous! Get groovy with Michael Jackson's Halloween and watch the full special now:‚Ä¶ https://t.co/TrMJgeyOX4
48,CBS,0.024999999999999994,0.4738,2017-10-29,48,0.0,0.86,0.14,Get ready for football! Stream NFL on CBS today w/ #CBSAllAccess (not available on mobile phones). Try 1 week FREE!‚Ä¶ https://t.co/URKV4PPKvp
49,CBS,0.175,-0.4096,2017-10-28,49,0.189,0.811,0.0,Vincent can't help but dream big on Michael Jackson's Halloween. Catch up on the full animated special:‚Ä¶ https://t.co/fDbgzo8nrV
50,CBS,0.17045454545454544,0.0,2017-10-28,50,0.0,1.0,0.0,Stream the #3 Georgia Bulldogs @ Florida Gators LIVE today at 3:30PM ET! Try #CBSAllAccess FREE:‚Ä¶ https://t.co/ULrmutB6Ml
51,CBS,0.4580357142857143,0.4574,2017-10-28,51,0.0,0.842,0.158,"Michael Jackson's Halloween will enchant you with music, magic &amp; more! Watch the full special now:‚Ä¶ https://t.co/lgzleI955w"
52,CBS,0.375,0.5562,2017-10-28,52,0.0,0.834,0.166,The Halloween fun isn‚Äôt over for @lucastill and George Eads. Tune in to a spooky episode of #MacGyver now! https://t.co/nJePYNhmUa
53,CBS,0.0,0.0,2017-10-28,53,0.0,1.0,0.0,‚ÄúMusic must be the answer!‚Äù #MJHalloween https://t.co/t4UTfizfIn
54,CBS,-0.16666666666666666,-0.128,2017-10-28,54,0.13,0.87,0.0,There are plenty of tricks hidden in this hotel. #MJHalloween https://t.co/vQAHVXU4Ai
55,CBS,0.0,0.0,2017-10-28,55,0.0,1.0,0.0,That pumpkin‚Äôs got some moves! #MJHalloween https://t.co/o7oaRSXzmb
56,CBS,0.1,0.69,2017-10-28,56,0.0,0.76,0.24,"Sit back, relax and get ready to dance. Michael Jackson‚Äôs Halloween starts now on CBS and CBS All Access!‚Ä¶ https://t.co/NkswtPMtzp"
57,CBS,0.4523809523809524,0.4843,2017-10-27,57,0.0,0.804,0.196,Don't miss tonight's animated special with the King of Pop's most memorable hits.üé∂  Watch #MJHalloween @ 8/7c on CB‚Ä¶ https://t.co/NQGZobg2gg
58,CBS,0.21370129870129867,0.636,2017-10-27,58,0.12,0.564,0.316,"Tonight, get ready for a scary good time! Watch a sneak peek from the new animated special, Michael Jackson's Hallo‚Ä¶ https://t.co/PxILZmCl4e"
59,CBS,-0.3888888888888889,-0.128,2017-10-27,59,0.07,0.93,0.0,"RT @swatcbs: When lives hang in the balance, can you make the tough decisions? Find out with #SWAT Split-Second Decision: https://t.co/dO2V‚Ä¶"
60,CBS,0.0,-0.128,2017-10-27,60,0.159,0.661,0.181,"Find out if Vincent, played by @lucastill, will escape the villain Conformity in Michael Jackson's Halloween tonigh‚Ä¶ https://t.co/KPaug90mCg"
61,CBS,0.44642857142857145,0.4963,2017-10-27,61,0.059,0.726,0.215,It's a spooktacular special you won't want to miss! Here's how you can watch Michael Jackson's Halloween tonight:‚Ä¶ https://t.co/3sp68DgUr3
62,CBS,0.0,0.0,2017-10-26,62,0.0,1.0,0.0,"Tomorrow, the music of Michael Jackson will cast its spell! Take a sneak peek at Michael Jackson's Halloween, Frida‚Ä¶ https://t.co/ewuRYHSICA"
63,CBS,0.39999999999999997,0.3612,2017-10-26,63,0.0,0.865,0.135,"Get ready for Thursdays to give you more @bigbangtheory, @YoungSheldon, @LifeInPiecesCBS, @MomCBS, &amp; more Moore in‚Ä¶ https://t.co/sdqF0Ut5Fx"
64,CBS,0.17045454545454544,0.0,2017-10-26,64,0.0,1.0,0.0,Stream the Miami Dolphins @ Baltimore Ravens LIVE tonight at 8:25PM ET! Try #CBSAllAccess FREE:‚Ä¶ https://t.co/Otdn3QkHbG
65,CBS,0.24675324675324675,0.4019,2017-10-26,65,0.0,0.87,0.13,"Tomorrow, meet Christine Baranski as Ms. Grau in the new animated special, Michael Jackson's Halloween. Tune in Fri‚Ä¶ https://t.co/jmnidjSm6r"
66,CBS,0.6,0.765,2017-10-26,66,0.0,0.694,0.306,"üé∂@BigBangTheory's Jim Parsons is thrilled to celebrate ""the soundtrack to his life"" with Michael Jackson's Hallowee‚Ä¶ https://t.co/0Lgxyqnpxq"
67,CBS,0.24675324675324675,0.4019,2017-10-25,67,0.0,0.87,0.13,".@MacgyverCBS' George Eads stars in the new animated special, Michael Jackson's Halloween, this Friday at 8/7c on C‚Ä¶ https://t.co/xo6JsH3bZB"
68,CBS,0.33,0.4019,2017-10-25,68,0.0,0.87,0.13,The stakes were high when #Bull stepped in to help his college roommate. Watch the latest episode now:‚Ä¶ https://t.co/7dAjcF4eL4
69,CBS,0.24166666666666667,0.0,2017-10-25,69,0.0,1.0,0.0,"Brad Garrett, @KierseyClemons, Jim Parsons &amp; more! Meet the famous voices behind Michael Jackson's Halloween:‚Ä¶ https://t.co/LKYCZpkBJz"
70,CBS,0.35714285714285715,0.4019,2017-10-24,70,0.0,0.847,0.153,"In three days, @TheGoodWife_CBS' @AlanCumming stars as Meriwether in the animated special Michael Jackson's Hallowe‚Ä¶ https://t.co/WKiPdQ6Peq"
71,CBS,0.24675324675324675,0.4019,2017-10-24,71,0.0,0.87,0.13,"Dance the night away this Friday with the new animated special, Michael Jackson's Halloween at 8/7c on CBS.‚Ä¶ https://t.co/VsaIxJv7Jl"
72,CBS,0.35714285714285715,0.5719,2017-10-24,72,0.0,0.749,0.251,"This Friday, @MacgyverCBS' @LucasTill plays Vincent in the animated special Michael Jackson's Halloween. Don't miss‚Ä¶ https://t.co/Dg6w6yWevA"
73,CBS,0.0,0.0,2017-10-24,73,0.0,1.0,0.0,RT @swatcbs: Buckle up for a S.W.A.T. mission in this 360-degree preview: https://t.co/kBadrj4rLE #SWAT https://t.co/gpXmoUgurf
74,CBS,0.3125,0.4574,2017-10-23,74,0.0,0.824,0.176,Tonight the @latelateshow welcomes back @zanelowe and the latest @AppleMusic #UpNext artist -- @SabrinaClaudio! https://t.co/BSmDOayUXf
75,CBS,0.0,-0.7096,2017-10-23,75,0.296,0.704,0.0,".@Elementary_CBS' @LucyLiu stars as Conformity, the villain who forbids dancing, on this Friday's Michael Jackson's‚Ä¶ https://t.co/Lf6Y4Z0bcQ"
76,CBS,0.13636363636363635,0.0,2017-10-22,76,0.0,1.0,0.0,"For States of NY, parts of VT &amp; Maine  New Start Times: #60Minutes 7:36pmET #WisdomOfTheCrowd 8:36ET #NCISLA 9:36ET‚Ä¶ https://t.co/WxzNdfzR6n"
77,CBS,0.3181818181818182,0.0,2017-10-22,77,0.0,1.0,0.0,For most of East/Midwest New Start Times: #60Minutes 7:34pmET/6:34CT #WisdomOfTheCrowd 8:34ET/7:34CT #NCISLA 9:34ET‚Ä¶ https://t.co/EJKaVsJZ2K
78,CBS,0.024999999999999994,0.4199,2017-10-22,78,0.0,0.872,0.128,Get ready for football! Stream NFL on CBS today w/ #CBSAllAccess (not available on mobile phones). Try 1 week FREE:‚Ä¶ https://t.co/Cu6sKlgjT6
79,CBS,0.12337662337662338,0.4019,2017-10-20,79,0.0,0.881,0.119,Only 1 week left until you can meet @bigbangtheory's Jim Parsons as Hay Man on the new animated special Michael Jac‚Ä¶ https://t.co/rGPlUegVjC
80,CBS,0.0,0.0,2017-10-20,80,0.0,1.0,0.0,RT @swatcbs: Keep your phone locked and loaded with these #SWAT wallpapers: https://t.co/ff0efC5GPJ https://t.co/aRoB9005ur
81,CBS,0.3333333333333333,0.4588,2017-10-20,81,0.0,0.833,0.167,RT @startrekcbs: The writers of #StarTrekDiscovery picked their favorite classic #StarTrek episodes: https://t.co/mM8V07fFdX What's your fa‚Ä¶
82,CBS,0.3181818181818182,0.5562,2017-10-19,82,0.0,0.834,0.166,"Stream pilots of the new CBS shows for free on @Apple TV, @RokuPlayer &amp; @amazonfiretv! Find out more:‚Ä¶ https://t.co/zT0z4YMRw4"
83,CBS,-0.03181818181818183,0.0,2017-10-19,83,0.0,1.0,0.0,Stream the Kansas City Chiefs @ Oakland Raiders LIVE tonight at 8:25PM ET (Not available on mobile phones):‚Ä¶ https://t.co/IxnmfZxjFi
84,CBS,0.0,-0.4767,2017-10-19,84,0.2,0.698,0.102,"RT @ScorpionCBS: No one should be bullied or called names simply for being who they are. Today, #TeamScorpion is going purple in honor of #‚Ä¶"
85,CBS,0.2892857142857143,0.7579,2017-10-19,85,0.0,0.681,0.319,"Get ready to go on an unexpected, magical adventure in the animated special Michael Jackson's Halloween on Friday,‚Ä¶ https://t.co/CQxmLmDvTy"
86,CBS,0.25,0.25,2017-10-19,86,0.0,0.895,0.105,An advantage changed the course of last night's tribal council. Watch the latest episode of #Survivor now:‚Ä¶ https://t.co/zNBz4t39i6
87,CBS,1.0,-0.2714,2017-10-19,87,0.197,0.658,0.146,RT @swatcbs: #SWAT is proud to wear purple &amp; stand together against bullying on #SpiritDay! https://t.co/ch5h6DHLLE
88,CBS,0.0,0.5837,2017-10-19,88,0.0,0.76,0.24,RT @LifeInPiecesCBS: Laughter is coming your way! #LifeInPieces returns in TWO WEEKS! https://t.co/kvHTQA3Vlk
89,CBS,-0.234375,0.0,2017-10-19,89,0.0,1.0,0.0,RT @MomCBS: Do a little dance... #Mom returns in TWO WEEKS! https://t.co/qshl2F8ChX
90,CBS,0.24675324675324675,0.5994,2017-10-19,90,0.0,0.776,0.224,.@MacgyverCBS's George Eads shares why you'll be moved by the ending of the new special Michael Jackson's Halloween‚Ä¶ https://t.co/MDpRaWKGUI
91,CBS,0.7,-0.25,2017-10-19,91,0.146,0.746,0.108,"RT @walliscw: Today is @glaad #SpiritDay, a day reminding us that EVERY day is a good day to speak out against LGBTQ bullying. @MadamSecret‚Ä¶"
92,CBS,1.0,0.69,2017-10-19,92,0.128,0.558,0.315,RT @marythechief: Thnx 2 my beautiful friend &amp; advocate @wcruz73 I just took @glaad ‚Äòs #SpiritDay pledge against bullying! Join me at https‚Ä¶
93,CBS,0.0,-0.3595,2017-10-19,93,0.175,0.712,0.113,RT @wcruz73: It‚Äôs #SpiritDay! Show your support for LGBTQ youth today by standing against bullying. @glaad @glsenofficial ‚úäüèΩ‚ù§Ô∏èüè≥Ô∏è‚Äçüåà https://‚Ä¶
94,CBS,0.0,-0.743,2017-10-19,94,0.27,0.73,0.0,RT @MomCBS: No one should be bullied or called names simply for being who they are. #SpiritDay #Mom https://t.co/3xuyKIXpPS
95,CBS,0.0,-0.743,2017-10-19,95,0.27,0.73,0.0,RT @CodeBlackCBS: No one should be bullied or called names simply for being who they are. #SpiritDay #CodeBlack https://t.co/JuAQvXFaVa
96,CBS,0.0,-0.743,2017-10-19,96,0.296,0.704,0.0,RT @PriceIsRight: No one should be bullied or called names simply for who they are. #SpiritDay https://t.co/P1X3VUveOL
97,CBS,0.0,-0.743,2017-10-19,97,0.208,0.792,0.0,"RT @9JKLCBS: No one should be bullied or called names simply for being who they are. Today, the cast of #9JKL is wearing purple for #Spirit‚Ä¶"
98,CBS,0.5,0.7569,2017-10-19,98,0.0,0.746,0.254,RT @SalvationCBS: #Salvation is renewed for Season 2! Congrats to the cast and crew. More thrills coming Summer 2018. ‚òÑÔ∏è#SalvationCBS https‚Ä¶
99,CBS,0.15,0.6369,2017-10-18,99,0.0,0.819,0.181,"RT @SuperiorDonuts: What's life without a few sprinkles and a lot of love? üç© #SuperiorDonuts Season 2 premieres on Mon, Oct 30 at 9:30/8:30‚Ä¶"
0,Foxnews,0.0,0.0,2017-11-05,0,0.0,1.0,0.0,".@JohnCornyn on Sutherland Springs, Texas shooting. https://t.co/YAre0fZfhd https://t.co/I0sa8eph0O"
1,Foxnews,0.0,0.0,2017-11-05,1,0.0,1.0,0.0,".@tedcruz on Sutherland Springs, Texas shooting. https://t.co/YAre0fZfhd https://t.co/JKpKZw4zF4"
2,Foxnews,-0.25,-0.8176,2017-11-05,2,0.405,0.595,0.0,At least 20 feared dead in ‚Äòmass shooting‚Äô at Texas church https://t.co/YAre0fHDSD https://t.co/EZUwuPsZgR
3,Foxnews,0.0,0.0,2017-11-05,3,0.0,1.0,0.0,"Texas church shooting: Trump, politicians react https://t.co/l44UHGruL0 #FOXNewsUS https://t.co/aeBoja1k1t"
4,Foxnews,0.0,0.0,2017-11-05,4,0.0,1.0,0.0,"Moments ago, @nikkihaley tweeted about the Sutherland Springs, Texas shooting. https://t.co/YAre0fZfhd https://t.co/KiJxV46wYb"
5,Foxnews,0.0,0.0,2017-11-05,5,0.0,1.0,0.0,".@GregAbbott_TX's statement on Sutherland Springs, Texas shooting. https://t.co/YAre0fZfhd https://t.co/GxbPqh15Qk"
6,Foxnews,0.0,0.0,2017-11-05,6,0.0,1.0,0.0,"Moments ago, @VP Mike Pence tweeted about the church shooting in Sutherland Springs, Texas. https://t.co/YAre0fZfhd https://t.co/x0bokTHkiX"
7,Foxnews,0.0,0.0,2017-11-05,7,0.0,1.0,0.0,"Moments ago, President @realDonaldTrump tweeted about the church shooting in Sutherland Springs, Texas.‚Ä¶ https://t.co/awDwNW1pGp"
8,Foxnews,-0.15000000000000002,-0.6597,2017-11-05,8,0.239,0.761,0.0,"Sutherland Springs Witness: ""The Bible tells us that we overcome evil with good."" https://t.co/YAre0fHDSD https://t.co/GQ5zgGiUiU"
9,Foxnews,0.0,0.0,2017-11-05,9,0.0,1.0,0.0,".@realDonaldTrump on church shooting in Sutherland Springs, Texas. https://t.co/YAre0fZfhd https://t.co/dlwtYJzPiy"
10,Foxnews,-0.2,-0.7717,2017-11-05,10,0.379,0.621,0.0,Report: Man who opened fire on #Texas church now dead. #SutherlandSprings https://t.co/YAre0fHDSD https://t.co/oyDeu3zspF
11,Foxnews,-0.325,0.0,2017-11-05,11,0.0,1.0,0.0,".@BryanLlenas: Sutherland Springs a very small community, church has about 50 members. https://t.co/YAre0fHDSD https://t.co/zRaQ0ee5Zl"
12,Foxnews,0.0,0.0,2017-11-05,12,0.0,1.0,0.0,".@TXAG Ken Paxton on Sutherland Springs, Texas shooting. https://t.co/YAre0fZfhd https://t.co/3LruH4YFhY"
13,Foxnews,0.0,0.0,2017-11-05,13,0.0,1.0,0.0,".@GregAbbott_TX on Sutherland Springs, Texas shooting. https://t.co/YAre0fZfhd https://t.co/ajsyfTbveK"
14,Foxnews,0.06818181818181818,-0.7003,2017-11-05,14,0.266,0.734,0.0,"Multiple casualty situation after man opens fire at Sutherland Springs, Texas church - Fox News has live coverage.‚Ä¶ https://t.co/1qQhcBdQAJ"
15,Foxnews,-0.0625,0.0,2017-11-05,15,0.0,1.0,0.0,".@EricShawnTV: Reports: 2 year-old and other children among those shot, multiple deaths. #SutherlandSprings https://t.co/orVVpoOaWc"
16,Foxnews,0.0,-0.7003,2017-11-05,16,0.326,0.674,0.0,"Multiple casualty situation after man opens fire at Sutherland Springs, Texas church. https://t.co/YAre0fHDSD https://t.co/oqFEXLld3S"
17,Foxnews,-0.02121212121212122,-0.6705,2017-11-05,17,0.209,0.791,0.0,DEVELOPING: Several people reportedly shot &amp; killed in ‚Äúmass shooting‚Äù at Texas church. For continuing live coverag‚Ä¶ https://t.co/NjxwXS2JG3
18,Foxnews,0.25,-0.34,2017-11-05,18,0.124,0.876,0.0,"First responders on scene of church shooting in Sutherland Springs, Texas; man who opened fire reportedly dead.‚Ä¶ https://t.co/7xvicaqju3"
19,Foxnews,0.0,0.0,2017-11-05,19,0.0,1.0,0.0,"'Mass shooting' reported at Sutherland Springs church in Texas
 https://t.co/YAre0fZfhd"
20,Foxnews,0.0,0.0,2017-11-05,20,0.0,1.0,0.0,".@JohnCornyn on Sutherland Springs, Texas shooting. https://t.co/YAre0fZfhd https://t.co/I0sa8eph0O"
21,Foxnews,0.0,0.0,2017-11-05,21,0.0,1.0,0.0,".@tedcruz on Sutherland Springs, Texas shooting. https://t.co/YAre0fZfhd https://t.co/JKpKZw4zF4"
22,Foxnews,-0.25,-0.8176,2017-11-05,22,0.405,0.595,0.0,At least 20 feared dead in ‚Äòmass shooting‚Äô at Texas church https://t.co/YAre0fHDSD https://t.co/EZUwuPsZgR
23,Foxnews,0.0,0.0,2017-11-05,23,0.0,1.0,0.0,"Texas church shooting: Trump, politicians react https://t.co/l44UHGruL0 #FOXNewsUS https://t.co/aeBoja1k1t"
24,Foxnews,0.0,0.0,2017-11-05,24,0.0,1.0,0.0,"Moments ago, @nikkihaley tweeted about the Sutherland Springs, Texas shooting. https://t.co/YAre0fZfhd https://t.co/KiJxV46wYb"
25,Foxnews,0.0,0.0,2017-11-05,25,0.0,1.0,0.0,".@GregAbbott_TX's statement on Sutherland Springs, Texas shooting. https://t.co/YAre0fZfhd https://t.co/GxbPqh15Qk"
26,Foxnews,0.0,0.0,2017-11-05,26,0.0,1.0,0.0,"Moments ago, @VP Mike Pence tweeted about the church shooting in Sutherland Springs, Texas. https://t.co/YAre0fZfhd https://t.co/x0bokTHkiX"
27,Foxnews,0.0,0.0,2017-11-05,27,0.0,1.0,0.0,"Moments ago, President @realDonaldTrump tweeted about the church shooting in Sutherland Springs, Texas.‚Ä¶ https://t.co/awDwNW1pGp"
28,Foxnews,-0.15000000000000002,-0.6597,2017-11-05,28,0.239,0.761,0.0,"Sutherland Springs Witness: ""The Bible tells us that we overcome evil with good."" https://t.co/YAre0fHDSD https://t.co/GQ5zgGiUiU"
29,Foxnews,0.0,0.0,2017-11-05,29,0.0,1.0,0.0,".@realDonaldTrump on church shooting in Sutherland Springs, Texas. https://t.co/YAre0fZfhd https://t.co/dlwtYJzPiy"
30,Foxnews,-0.2,-0.7717,2017-11-05,30,0.379,0.621,0.0,Report: Man who opened fire on #Texas church now dead. #SutherlandSprings https://t.co/YAre0fHDSD https://t.co/oyDeu3zspF
31,Foxnews,-0.325,0.0,2017-11-05,31,0.0,1.0,0.0,".@BryanLlenas: Sutherland Springs a very small community, church has about 50 members. https://t.co/YAre0fHDSD https://t.co/zRaQ0ee5Zl"
32,Foxnews,0.0,0.0,2017-11-05,32,0.0,1.0,0.0,".@TXAG Ken Paxton on Sutherland Springs, Texas shooting. https://t.co/YAre0fZfhd https://t.co/3LruH4YFhY"
33,Foxnews,0.0,0.0,2017-11-05,33,0.0,1.0,0.0,".@GregAbbott_TX on Sutherland Springs, Texas shooting. https://t.co/YAre0fZfhd https://t.co/ajsyfTbveK"
34,Foxnews,0.06818181818181818,-0.7003,2017-11-05,34,0.266,0.734,0.0,"Multiple casualty situation after man opens fire at Sutherland Springs, Texas church - Fox News has live coverage.‚Ä¶ https://t.co/1qQhcBdQAJ"
35,Foxnews,-0.0625,0.0,2017-11-05,35,0.0,1.0,0.0,".@EricShawnTV: Reports: 2 year-old and other children among those shot, multiple deaths. #SutherlandSprings https://t.co/orVVpoOaWc"
36,Foxnews,0.0,-0.7003,2017-11-05,36,0.326,0.674,0.0,"Multiple casualty situation after man opens fire at Sutherland Springs, Texas church. https://t.co/YAre0fHDSD https://t.co/oqFEXLld3S"
37,Foxnews,-0.02121212121212122,-0.6705,2017-11-05,37,0.209,0.791,0.0,DEVELOPING: Several people reportedly shot &amp; killed in ‚Äúmass shooting‚Äù at Texas church. For continuing live coverag‚Ä¶ https://t.co/NjxwXS2JG3
38,Foxnews,0.25,-0.34,2017-11-05,38,0.124,0.876,0.0,"First responders on scene of church shooting in Sutherland Springs, Texas; man who opened fire reportedly dead.‚Ä¶ https://t.co/7xvicaqju3"
39,Foxnews,0.0,0.0,2017-11-05,39,0.0,1.0,0.0,"'Mass shooting' reported at Sutherland Springs church in Texas
 https://t.co/YAre0fZfhd"
40,Foxnews,-0.06666666666666667,0.4019,2017-11-05,40,0.0,0.803,0.197,"BREAKING NEWS: Active shooter at Texas Baptist Church, several people shot. https://t.co/sqlN3HUGHl"
41,Foxnews,0.35000000000000003,0.5859,2017-11-05,41,0.0,0.787,0.213,Shalane Flanagan becomes first American woman to win NYC Marathon in 40 years https://t.co/fhHAfaqGAL https://t.co/5IU8n4VByi
42,Foxnews,-0.125,0.0,2017-11-05,42,0.0,1.0,0.0,"On @ffweekend, @GovMikeHuckabee reflected on @POTUS's foreign policy as he travels abroad in Asia. https://t.co/QKbTTtl4Cy"
43,Foxnews,0.03333333333333333,-0.2023,2017-11-05,43,0.13,0.87,0.0,"Iowa mom, 18, charged after 2-year-old twins found naked outside near highway
 https://t.co/YUmB5iMWPs"
44,Foxnews,-0.15555555555555559,0.0,2017-11-05,44,0.0,1.0,0.0,"Refugee Admittance to U.S. Down 87 Percent
https://t.co/x3h7Ec7GpG"
45,Foxnews,0.0,0.0,2017-11-05,45,0.0,1.0,0.0,RT @EricShawnTV: What will @POTUS @realDonaldTrump tell #China? Here's @AmbJohnBolton @FoxNews Watch https://t.co/Qfu8OjYNpj I anchor 4pm E‚Ä¶
46,Foxnews,0.35000000000000003,0.6114,2017-11-05,46,0.0,0.834,0.166,"Happy 40th Anniversary to George W. Bush and Laura W. Bush, who got married on this date back in 1977! https://t.co/MtQ2PyRCHo"
47,Foxnews,0.0,-0.3182,2017-11-05,47,0.141,0.859,0.0,"On @ffweekend, @SheriffClarke reflected on the loss of Illinois Police Officer Jaimie Cox. https://t.co/ibHcKBfzt3 https://t.co/MBgWfkvO7O"
48,Foxnews,0.0,0.0,2017-11-05,48,0.0,1.0,0.0,"Speaker Ryan says Clinton, DNC money deal 'takes the cake'
  https://t.co/b12ZG9oIrl"
49,Foxnews,0.13636363636363635,0.0,2017-11-05,49,0.0,1.0,0.0,".@TomiLahren: ""If Bernie has any grit at all, he will tear the @DNC a new one."" https://t.co/PfMOprxM2q https://t.co/ZudywtUiJ4"
50,Foxnews,0.0,0.0,2017-11-05,50,0.0,1.0,0.0,"Staff Sgt. Alonzo Lunsford: ""I think the political correctness is prohibiting us from making progress."" https://t.co/6nsKzefpfa"
51,Foxnews,0.35000000000000003,0.5859,2017-11-05,51,0.0,0.787,0.213,BREAKING NEWS: @ShalaneFlanagan becomes first American woman since 1977 to win NYC Marathon. https://t.co/vaa9Mf78M9 https://t.co/EgikoATW9O
52,Foxnews,0.0,0.0,2017-11-05,52,0.0,1.0,0.0,RT @FoxBusiness: Cowboys owner Jerry Jones rips Goodell's handling of Elliott suspension https://t.co/j098VTMHVP
53,Foxnews,0.35000000000000003,0.5859,2017-11-05,53,0.0,0.774,0.226,BREAKING NEWS: @ShalaneFlanagan becomes first American woman since 1977 to win NYC Marathon. https://t.co/TJU9oZVxVx
54,Foxnews,0.0,0.0,2017-11-05,54,0.0,1.0,0.0,"On @ffweekend, @David_Bossie responded to news that neither of the Presidents Bush voted for @POTUS. https://t.co/MJOJzdq6TE"
55,Foxnews,-0.25,0.0,2017-11-05,55,0.0,1.0,0.0,".@GovMikeHuckabee: ""@TheDemocrats moved past Clinton. The Republicans have moved on past the Bush family."" https://t.co/6oC1vQ6tBc"
56,Foxnews,-0.4,-0.4767,2017-11-05,56,0.237,0.763,0.0,".@David_Bossie: ""The broken status quo is what the Bushes ran."" https://t.co/vtZFBEPr0p"
57,Foxnews,0.2,-0.1761,2017-11-05,57,0.133,0.867,0.0,".@jasoninthehouse: ""I think the whole country was really questioning @HillaryClinton's health."" https://t.co/aAH9jAtIm2"
58,Foxnews,0.0,0.0,2017-11-05,58,0.0,1.0,0.0,"On @WattersWorld, @AnnCoulter slammed the Diversity Visa Lottery program. https://t.co/rSKyjlYOxF https://t.co/NCeh3b5Hkx"
59,Foxnews,0.0,0.0,2017-11-05,59,0.0,1.0,0.0,".@timclemente: ""Antifa as a group is literally the definition of terrorism."" https://t.co/y0avmjYEyb"
60,Foxnews,-0.15000000000000002,-0.5719,2017-11-05,60,0.209,0.791,0.0,".@SheriffClarke: ""[Antifa] is a hate group and most of America does not side with them."" https://t.co/RmfuRsM3H9"
61,Foxnews,0.0,0.3612,2017-11-05,61,0.0,0.878,0.122,".@CLewandowski_: ""It sounds like [Presidents W &amp; HW Bush] wanted @HillaryClinton to be in office to keep things the‚Ä¶ https://t.co/FkkODnVsrt"
62,Foxnews,0.0,0.0,2017-11-05,62,0.0,1.0,0.0,"Speaker Ryan says Clinton, DNC money deal 'takes the cake' https://t.co/C1caypRkDC"
63,Foxnews,-0.5357142857142857,0.0,2017-11-05,63,0.0,1.0,0.0,".@AnnCoulter: ""Every single part of our immigration laws is insane."" https://t.co/rSKyjmgppd https://t.co/9cyu2mKSQk"
64,Foxnews,0.0,-0.4404,2017-11-05,64,0.225,0.775,0.0,".@carolmswain: ""We see attacks on Christianity from the @splcenter."" https://t.co/jSJ34JM6Qj https://t.co/hvqcaA4tZT"
65,Foxnews,0.0,0.0,2017-11-05,65,0.0,1.0,0.0,"It was one year ago this week since @realDonaldTrump was elected President - and on @SundayFutures, @VP reflected o‚Ä¶ https://t.co/p15zdU8Wjf"
66,Foxnews,0.0,0.3612,2017-11-05,66,0.0,0.8,0.2,"Dr. Rebecca Grant: ""Every word in that pledge is universal."" https://t.co/MIXrr9yc28"
67,Foxnews,0.0,0.0,2017-11-05,67,0.0,1.0,0.0,#VAGov Poll: @EdWGillespie now leads @RalphNortham 40.4% to 37.4%. https://t.co/pS7RwY2zUo
68,Foxnews,0.35,0.3612,2017-11-05,68,0.0,0.878,0.122,"Marie Harf: ""I'd like for us to fairly judge the Trump Administration without always going back to what‚Ä¶ https://t.co/xEYkYW2DU1"
69,Foxnews,-0.15555555555555559,0.0,2017-11-05,69,0.0,1.0,0.0,"Refugee admissions down 87%, percent of Muslim refugees declines from 45% to 23%. https://t.co/9SgK0pVBot"
70,Foxnews,0.55,0.0,2017-11-05,70,0.0,1.0,0.0,".@SteveScalise: ""I'm recovering. Still got a lot of rehab to go to be able to walk again on my own, but I can walk‚Ä¶ https://t.co/3BVYoF8WcO"
71,Foxnews,0.0,0.0,2017-11-05,71,0.0,1.0,0.0,".@carolmswain responds to professor's op-ed slamming Pledge of Allegiance as ""an instrument of white nationalism.""‚Ä¶ https://t.co/p11ghB6m5M"
72,Foxnews,-0.1111111111111111,-0.3167,2017-11-05,72,0.162,0.838,0.0,".@MZHemingway: ""Here you have the former DNC chair accusing the former Democratic nominee of some really serious sh‚Ä¶ https://t.co/oIPmyoU6ry"
73,Foxnews,0.0,0.0,2017-11-05,73,0.0,1.0,0.0,".@edhenry: ""They have re-litigated, @TheDemocrats, this election for basically 12 months now."" #MediaBuzz https://t.co/JDldKadTPG"
74,Foxnews,0.5,-0.5859,2017-11-05,74,0.202,0.798,0.0,"Man used ice cream truck to lure, sexually assault children in North Carolina, police say https://t.co/UwiRoAmOnl"
75,Foxnews,0.35,0.5719,2017-11-05,75,0.0,0.802,0.198,".@VP: ""[@POTUS] won 30 of 50 states.""

WATCH: @MariaBartiromo's full interview w/ @VP - Part 4. https://t.co/d79B5eHYwb"
76,Foxnews,0.375,0.2023,2017-11-05,76,0.0,0.899,0.101,"""Ending this visa lottery program is important to @POTUS.""

WATCH: @MariaBartiromo's full interview with @VP - Part‚Ä¶ https://t.co/OSEllQYJeH"
77,Foxnews,0.0,0.0,2017-11-05,77,0.0,1.0,0.0,"RT @EricShawnTV: Will #KimJongUn get it? I anchor @FoxNews at 12 Noon ET on @POTUS #DonaldTrump trip, Watch @FoxNews:  https://t.co/J5UIOT5‚Ä¶"
78,Foxnews,0.4,0.6249,2017-11-05,78,0.0,0.785,0.215,".@SteveScalise: ""@POTUS has done a great job at rolling back some of these radical regulations."" #SundayFutures‚Ä¶ https://t.co/gAN65bsHIt"
79,Foxnews,0.0,-0.2023,2017-11-05,79,0.086,0.861,0.053,".@SteveScalise: ""If you want to get the economy going again, nothing we can do quicker than to pass this tax cut an‚Ä¶ https://t.co/Bbd6mzTi0i"
80,Foxnews,0.55,0.0,2017-11-05,80,0.0,1.0,0.0,".@SteveScalise: ""I'm recovering. Still got a lot of rehab to go to be able to walk again on my own, but I can walk‚Ä¶ https://t.co/V115sV6xd0"
81,Foxnews,0.475,0.5719,2017-11-05,81,0.0,0.783,0.217,"""We can have the kind of sustained growth that takes us well beyond 3%."" 

WATCH: @MariaBartiromo's full interview‚Ä¶ https://t.co/YntZqm8bSO"
82,Foxnews,0.22499999999999998,0.4939,2017-11-05,82,0.0,0.833,0.167,"""Nearly $5 trillion in wealth has been created.""

WATCH: @MariaBartiromo's full interview with @VP - Part 1. https://t.co/qpDWBHQDfS"
83,Foxnews,0.5,0.5719,2017-11-05,83,0.0,0.837,0.163,".@VP: ""[@POTUS] won 30 of 50 states, more counties than any candidate since Ronald Reagan, literally turned the blu‚Ä¶ https://t.co/Vp0MJnzT2P"
84,Foxnews,0.5,0.4404,2017-11-05,84,0.0,0.775,0.225,".@VP: ""We're going to make America safe again."" #SundayFutures @MariaBartiromo https://t.co/e2ahsT4jzL"
85,Foxnews,0.0,0.0,2017-11-05,85,0.0,1.0,0.0,".@VP: ""You always know where [@POTUS] stands. He speaks his mind, and sometimes he just - he tweets his mind.""‚Ä¶ https://t.co/1Ep995fvzc"
86,Foxnews,0.15000000000000002,0.3612,2017-11-05,86,0.0,0.872,0.128,"Trump ready for 'busy' leg of Asia trip, after informal talks in Japan on trade, North Korea https://t.co/ixubGdEYls"
87,Foxnews,0.25,0.2023,2017-11-05,87,0.0,0.917,0.083,".@VP: ""Ending this visa lottery program is important to @POTUS and he's calling on the Congress to take action... t‚Ä¶ https://t.co/N479bYSywz"
88,Foxnews,0.0,0.0,2017-11-05,88,0.0,1.0,0.0,".@VP: ""We need ultimately to move to a merit-based [immigration] system."" #SundayFutures @MariaBartiromo https://t.co/B0g1VIiFHm"
89,Foxnews,0.0,0.0,2017-11-05,89,0.0,1.0,0.0,".@VP: ""@POTUS's going to be in the Asia Pacific but he's going to be talking about jobs."" #SundayFutures‚Ä¶ https://t.co/backMy7fFx"
90,Foxnews,0.0,-0.3818,2017-11-05,90,0.146,0.854,0.0,".@VP: ""After all these tax cuts take effect, working people here in PA will see a $4,000 pay raise on an annual bas‚Ä¶ https://t.co/zE9jLXOkbd"
91,Foxnews,0.24675324675324675,0.4019,2017-11-05,91,0.0,0.886,0.114,"TONIGHT on ""Special Report,"" @BretBaier is live from Asia covering @POTUS's trip - Tune in at 6p ET on Fox News Cha‚Ä¶ https://t.co/O4pINHGeji"
92,Foxnews,-0.8,-0.4939,2017-11-05,92,0.158,0.842,0.0,"In a speech to service-members at the Yokota Air Base, @POTUS had a message for America's enemies and rivals.‚Ä¶ https://t.co/DyPf92ytU1"
93,Foxnews,0.49523809523809526,0.3612,2017-11-05,93,0.082,0.743,0.175,".@VP: ""With the right kind of tax cuts, we can have the kind of sustained growth that takes us well beyond 3%.""‚Ä¶ https://t.co/ptt1aAaVOZ"
94,Foxnews,0.1,0.0,2017-11-05,94,0.0,1.0,0.0,".@VP: ""What @POTUS wants to see us do is look for ways that we can simply the tax code."" #SundayFutures‚Ä¶ https://t.co/rvwEBHlN88"
95,Foxnews,0.0,0.0,2017-11-05,95,0.0,1.0,0.0,"Brazile as DNC chair considered replacing Clinton with Biden after she fainted: report

https://t.co/4fht8UI4SS"
96,Foxnews,0.0,0.128,2017-11-05,96,0.092,0.795,0.113,".@VP: ""What @POTUS is not going to compromise is his determination to see this Congress pass historic tax cuts and‚Ä¶ https://t.co/j6BDSa31j8"
97,Foxnews,0.0,0.7506,2017-11-05,97,0.0,0.619,0.381,".@VP: ""We want the tax relief here to benefit middle class Americans."" #SundayFutures @MariaBartiromo https://t.co/nSc9dd3Esc"
98,Foxnews,0.1,0.4939,2017-11-05,98,0.0,0.775,0.225,".@VP: ""Nearly $5 trillion in wealth has been created."" #SundayFutures @MariaBartiromo https://t.co/DDHY1vt7VJ"
99,Foxnews,0.0,0.0,2017-11-05,99,0.0,1.0,0.0,".@VP: ""This economy has started to take off. We've seen the second consecutive quarter with 3% growth.""‚Ä¶ https://t.co/FgkFwuKM99"
0,nytimes,0.125,-0.4019,2017-11-05,0,0.211,0.679,0.109,"He kept crime rates low in his first term. Now, Mayor de Blasio has a plan to make police officers nicer. https://t.co/9W1fI7EGcw"
1,nytimes,0.0,0.3612,2017-11-05,1,0.0,0.828,0.172,We used VR to explore what music feels like to a deaf person https://t.co/ApNIF1loo1
2,nytimes,0.09999999999999999,-0.6705,2017-11-05,2,0.184,0.816,0.0,More than 20 people were killed after a gunman walked into a church in a rural town 30 miles east of San Antonio https://t.co/eL5QUzCWv6
3,nytimes,0.1,0.3818,2017-11-05,3,0.104,0.676,0.221,"When behavior goes unseen or ignored by employers, ‚Äúwhisper networks‚Äù can provide women with vital support systems https://t.co/4V2qikUqdq"
4,nytimes,0.11666666666666665,0.0,2017-11-05,4,0.0,1.0,0.0,"‚ÄúThere‚Äôs a public perception... that Canada is a steward of the environment, but in fact the opposite is true‚Äù https://t.co/DGu2q2v0uc"
5,nytimes,-0.03333333333333333,-0.6705,2017-11-05,5,0.22,0.78,0.0,"Breaking News: Several people were killed, including the gunman, in a shooting at a church near San Antonio https://t.co/FXvUKLFCZh"
6,nytimes,0.04999999999999999,0.3612,2017-11-05,6,0.0,0.865,0.135,"In books like ‚ÄúMy Secret Garden: Women‚Äôs Sexual Fantasies,‚Äù Nancy Friday helped establish ‚Äúa confessional feminism‚Äù https://t.co/0Jo4hBnt22"
7,nytimes,0.8,0.34,2017-11-05,7,0.187,0.573,0.24,"Opinion: By fretting about food, we turn occasions for comfort and joy into sources of fear and anxiety https://t.co/E1xfBbPsoz"
8,nytimes,0.375,0.0,2017-11-05,8,0.0,1.0,0.0,Many parennials give their children YouTube channels from the first sonogram and hashtags when they‚Äôre born https://t.co/SfIeFdaJkI
9,nytimes,-0.125,0.0,2017-11-05,9,0.0,1.0,0.0,"Michael Urie's first reaction to taking over Harvey Fierstein's part in ""Torch Song""? ""It was way too scary."" https://t.co/5iEkuJIL3b"
10,nytimes,-0.4,0.0,2017-11-05,10,0.0,1.0,0.0,Behind Yuri Milner's investments in Facebook and Twitter were hundreds of millions of dollars from the Kremlin https://t.co/1nVIa0y2zf
11,nytimes,0.8,0.802,2017-11-05,11,0.0,0.613,0.387,@jeffbercovici We sent a sports alert for Shalane Flanagan's victory: https://t.co/zae1UjlCfH. Kamworor's win also received a sports alert.
12,nytimes,-0.16666666666666666,-0.3612,2017-11-05,12,0.135,0.865,0.0,Even the columnist‚Äôs daughter criticized his description of the press secretary as a ‚Äúslightly chunky soccer mom‚Äù https://t.co/IDmfVEC1tJ
13,nytimes,0.5,0.6369,2017-11-05,13,0.0,0.743,0.257,Commerce Secretary Wilbur Ross has profited handsomely from a shipping company with business ties to Putin‚Äôs family https://t.co/DkZO3TdANj
14,nytimes,0.04999999999999999,0.4215,2017-11-05,14,0.081,0.763,0.157,"With tears and maybe a few colorful words, Flanagan won the race with a time of 2 hours 26 minutes 53 seconds‚Ä¶ https://t.co/0LhSE1xlcO"
15,nytimes,0.0,-0.7783,2017-11-05,15,0.404,0.596,0.0,"‚ÄúNo one ‚Äî no dictator, no regime and no nation ‚Äî should underestimate, ever, American resolve,‚Äù Trump said https://t.co/NwU7mi9SWb"
16,nytimes,0.0,-0.4939,2017-11-05,16,0.244,0.756,0.0,Spanish authorities are seeking to prosecute 20 politicians on rebellion for declaring Catalonia‚Äôs independence https://t.co/ynd3olMZZc
17,nytimes,0.5,0.2023,2017-11-05,17,0.0,0.833,0.167,Here are the top story lines for NFL Week 9 https://t.co/IjblFapJPY
18,nytimes,0.0,0.8225,2017-11-05,18,0.0,0.631,0.369,"Geoffrey Kamworor of Kenya, a two-time world champion in the half-marathon, won the men‚Äôs race https://t.co/25dHU1O74x"
19,nytimes,0.0,0.25,2017-11-05,19,0.0,0.882,0.118,Why was Larry David making jokes about trying to pick up women at a concentration camp? https://t.co/9hp5blyqf2
20,nytimes,0.125,-0.4019,2017-11-05,20,0.211,0.679,0.109,"He kept crime rates low in his first term. Now, Mayor de Blasio has a plan to make police officers nicer. https://t.co/9W1fI7EGcw"
21,nytimes,0.0,0.3612,2017-11-05,21,0.0,0.828,0.172,We used VR to explore what music feels like to a deaf person https://t.co/ApNIF1loo1
22,nytimes,0.09999999999999999,-0.6705,2017-11-05,22,0.184,0.816,0.0,More than 20 people were killed after a gunman walked into a church in a rural town 30 miles east of San Antonio https://t.co/eL5QUzCWv6
23,nytimes,0.1,0.3818,2017-11-05,23,0.104,0.676,0.221,"When behavior goes unseen or ignored by employers, ‚Äúwhisper networks‚Äù can provide women with vital support systems https://t.co/4V2qikUqdq"
24,nytimes,0.11666666666666665,0.0,2017-11-05,24,0.0,1.0,0.0,"‚ÄúThere‚Äôs a public perception... that Canada is a steward of the environment, but in fact the opposite is true‚Äù https://t.co/DGu2q2v0uc"
25,nytimes,-0.03333333333333333,-0.6705,2017-11-05,25,0.22,0.78,0.0,"Breaking News: Several people were killed, including the gunman, in a shooting at a church near San Antonio https://t.co/FXvUKLFCZh"
26,nytimes,0.04999999999999999,0.3612,2017-11-05,26,0.0,0.865,0.135,"In books like ‚ÄúMy Secret Garden: Women‚Äôs Sexual Fantasies,‚Äù Nancy Friday helped establish ‚Äúa confessional feminism‚Äù https://t.co/0Jo4hBnt22"
27,nytimes,0.8,0.34,2017-11-05,27,0.187,0.573,0.24,"Opinion: By fretting about food, we turn occasions for comfort and joy into sources of fear and anxiety https://t.co/E1xfBbPsoz"
28,nytimes,0.375,0.0,2017-11-05,28,0.0,1.0,0.0,Many parennials give their children YouTube channels from the first sonogram and hashtags when they‚Äôre born https://t.co/SfIeFdaJkI
29,nytimes,-0.125,0.0,2017-11-05,29,0.0,1.0,0.0,"Michael Urie's first reaction to taking over Harvey Fierstein's part in ""Torch Song""? ""It was way too scary."" https://t.co/5iEkuJIL3b"
30,nytimes,-0.4,0.0,2017-11-05,30,0.0,1.0,0.0,Behind Yuri Milner's investments in Facebook and Twitter were hundreds of millions of dollars from the Kremlin https://t.co/1nVIa0y2zf
31,nytimes,0.8,0.802,2017-11-05,31,0.0,0.613,0.387,@jeffbercovici We sent a sports alert for Shalane Flanagan's victory: https://t.co/zae1UjlCfH. Kamworor's win also received a sports alert.
32,nytimes,-0.16666666666666666,-0.3612,2017-11-05,32,0.135,0.865,0.0,Even the columnist‚Äôs daughter criticized his description of the press secretary as a ‚Äúslightly chunky soccer mom‚Äù https://t.co/IDmfVEC1tJ
33,nytimes,0.5,0.6369,2017-11-05,33,0.0,0.743,0.257,Commerce Secretary Wilbur Ross has profited handsomely from a shipping company with business ties to Putin‚Äôs family https://t.co/DkZO3TdANj
34,nytimes,0.04999999999999999,0.4215,2017-11-05,34,0.081,0.763,0.157,"With tears and maybe a few colorful words, Flanagan won the race with a time of 2 hours 26 minutes 53 seconds‚Ä¶ https://t.co/0LhSE1xlcO"
35,nytimes,0.0,-0.7783,2017-11-05,35,0.404,0.596,0.0,"‚ÄúNo one ‚Äî no dictator, no regime and no nation ‚Äî should underestimate, ever, American resolve,‚Äù Trump said https://t.co/NwU7mi9SWb"
36,nytimes,0.0,-0.4939,2017-11-05,36,0.244,0.756,0.0,Spanish authorities are seeking to prosecute 20 politicians on rebellion for declaring Catalonia‚Äôs independence https://t.co/ynd3olMZZc
37,nytimes,0.5,0.2023,2017-11-05,37,0.0,0.833,0.167,Here are the top story lines for NFL Week 9 https://t.co/IjblFapJPY
38,nytimes,0.0,0.8225,2017-11-05,38,0.0,0.631,0.369,"Geoffrey Kamworor of Kenya, a two-time world champion in the half-marathon, won the men‚Äôs race https://t.co/25dHU1O74x"
39,nytimes,0.0,0.25,2017-11-05,39,0.0,0.882,0.118,Why was Larry David making jokes about trying to pick up women at a concentration camp? https://t.co/9hp5blyqf2
40,nytimes,0.1590909090909091,0.5719,2017-11-05,40,0.0,0.821,0.179,"Shalane Flanagan won the New York City Marathon, the first American woman to finish first since 1977 https://t.co/Ge88TTiRRh"
41,nytimes,0.0,-0.4019,2017-11-05,41,0.144,0.856,0.0,The 6 crew members living in isolation for a NASA-funded study exit their habitat in Hawaii after 8 months‚Ä¶ https://t.co/SZ5TUVfAKE
42,nytimes,0.0,-0.4215,2017-11-05,42,0.203,0.797,0.0,"Opinion: Everyone lies to the tax man, knowingly or unknowingly https://t.co/NI9jte1r0n https://t.co/5YOOU6oH0c"
43,nytimes,-0.17500000000000002,0.0,2017-11-05,43,0.0,1.0,0.0,"An act of defiance and audacity that helped propel the long, slow march to women‚Äôs suffrage https://t.co/BcDhDMU1Ur"
44,nytimes,0.0,-0.8834,2017-11-05,44,0.392,0.608,0.0,A Catholic deacon who ran a transitional home for men with a history of addiction or crime was stabbed to death https://t.co/XiIjOU4UJw
45,nytimes,-0.2,0.0387,2017-11-05,45,0.0,0.948,0.052,"RT @nytopinion: Will the G.O.P. try to challenge Trump in 2020? His unpopularity is stark, but not among his party‚Äôs voters. 
https://t.co/‚Ä¶"
46,nytimes,0.0,0.0,2017-11-05,46,0.0,1.0,0.0,Should Americans switch to year-round Daylight Saving Time? https://t.co/2truGkvPLo (This story from March is rather timely today.)
47,nytimes,0.0,0.0,2017-11-05,47,0.0,1.0,0.0,Aaaaand they‚Äôre off https://t.co/a6WDwWi4Uh
48,nytimes,0.0,-0.4215,2017-11-05,48,0.157,0.843,0.0,"His is a family of doers in the face of adversity, whether a marathon or political oppression https://t.co/Jd4WQsTN8R"
49,nytimes,0.03125,0.6124,2017-11-05,49,0.12,0.58,0.301,"Britain now stands as one of the world‚Äôs weakest major economies, even as the world enjoys relatively robust growth https://t.co/uRtlH5ygaM"
50,nytimes,0.0,0.0,2017-11-05,50,0.0,1.0,0.0,RT @dougmillsnyt: .@realDonaldTrump waves from the golf cart as @AbeShinzo drives them to the clubhouse in Tokyo Japan. #POTUSinAsia https:‚Ä¶
51,nytimes,0.0,0.0,2017-11-05,51,0.0,1.0,0.0,Malliotakis as Manager: Lessons From Hurricane Sandy and Albany https://t.co/TXl978tjao
52,nytimes,0.0,0.0,2017-11-05,52,0.0,1.0,0.0,Ex-Leader of Catalonia Turns Himself In to Police in Brussels https://t.co/iwAG5wzajD
53,nytimes,0.0,0.0,2017-11-05,53,0.0,1.0,0.0,üèÖ¬†https://t.co/1Uo2dIlkKC
54,nytimes,0.4681818181818182,0.6249,2017-11-05,54,0.0,0.843,0.157,RT @NYTSports: The marathon great Meb Keflezighi is retiring by running the New York City Marathon on Sunday. What will you do? https://t.c‚Ä¶
55,nytimes,0.0,-0.4215,2017-11-05,55,0.209,0.697,0.094,The White House had no immediate comment on whether Trump‚Äôs call should be interpreted as an endorsement of arrests https://t.co/NQ4q09r4hH
56,nytimes,0.0,0.4588,2017-11-05,56,0.0,0.833,0.167,"Among Prince Alwaleed‚Äôs crown jewels: sizable stakes in Twitter, Lyft, Citigroup and 21st Century Fox https://t.co/IreBfYVeqP"
57,nytimes,0.0,0.128,2017-11-05,57,0.13,0.717,0.152,"Saudi Arabia‚Äôs sweeping campaign of arrests included Prince Alwaleed bin Talal, one of the world‚Äôs richest men https://t.co/EpWCYe8tky"
58,nytimes,0.0,-0.2263,2017-11-05,58,0.101,0.899,0.0,"It's the stuff of liberal fantasies: a vast, defiant territory governed by Democrats resisting Trump at every turn https://t.co/1YbErsvnr2"
59,nytimes,0.0,0.0,2017-11-05,59,0.0,1.0,0.0,Life on Mars: Return to Earth https://t.co/O4xTfSV87h
60,nytimes,-0.2,0.0,2017-11-05,60,0.0,1.0,0.0,Upshot/Siena Poll Gives Democrat Narrow Lead in Virginia Governor‚Äôs Race https://t.co/Ko32pgfnjf
61,nytimes,0.03125,0.0,2017-11-05,61,0.0,1.0,0.0,Who gets to go on a major presidential trip? It's an exercise in internal politics. https://t.co/kyeg52T5U8
62,nytimes,0.0,0.0572,2017-11-05,62,0.052,0.887,0.061,"In 1972, NYC marathon organizer Fred Lebow contacted The Times. Be at the start, he said. You won't want to miss it‚Ä¶ https://t.co/ux8tmN1nAq"
63,nytimes,0.0,-0.6249,2017-11-05,63,0.177,0.823,0.0,Detroit is still trying to recover after the 2008 financial crisis and the 2013 bankruptcy gutted its housing market https://t.co/zkip3W6RpG
64,nytimes,-0.15,0.0,2017-11-05,64,0.0,1.0,0.0,Exposures: Puerto Rico in the Dark https://t.co/NQjNp6sEbN
65,nytimes,0.0,0.0,2017-11-05,65,0.0,1.0,0.0,Tucked away in the GOP tax plan are several provisions meant to get conservative lawmakers to vote for it https://t.co/JhwFcvUnQO
66,nytimes,0.2590909090909091,-0.2484,2017-11-05,66,0.153,0.847,0.0,"More Anxiety, and More Police, Expected at New York City Marathon https://t.co/6fDeAbbarg"
67,nytimes,0.0,0.0,2017-11-05,67,0.0,1.0,0.0,Joe Lockhart was in the crossfire during the Clinton impeachment. Now he's defending NFL players kneeling. https://t.co/0pvoi3r2cO
68,nytimes,-0.1,0.5106,2017-11-05,68,0.0,0.784,0.216,Field Notes: The Bridal Shop Just Closed. How to Rescue the Day. https://t.co/14hs5vDWmc
69,nytimes,-0.3,-0.5106,2017-11-05,69,0.18,0.82,0.0,Youtube contains dark corners as videos that are disturbing for children slip past its filters https://t.co/C94P59X5wV
70,nytimes,0.13333333333333333,0.6369,2017-11-05,70,0.0,0.704,0.296,"Modern Love: Recognizing What They Had, 20 Years Too Late https://t.co/v1K37ABIvw"
71,nytimes,-0.1,0.0,2017-11-05,71,0.0,1.0,0.0,Global Health: Deadly Plague Outbreak in Madagascar Appears to Wane https://t.co/E40FVRku1n
72,nytimes,0.13636363636363635,0.0,2017-11-05,72,0.0,1.0,0.0,The 2018 Michelin Guide New York City has been released https://t.co/sN9Sv5HmCF
73,nytimes,0.37878787878787873,0.0,2017-11-05,73,0.0,1.0,0.0,"The week's 10 most notable new songs, including Bruce Springsteen and Rihanna https://t.co/SgbiIf7UEu"
74,nytimes,0.09999999999999998,-0.8126,2017-11-05,74,0.27,0.73,0.0,These musicians are forced to perform for high-caste Hindus. But the killing of one of their own was the last straw. https://t.co/yIm1nXUJFq
75,nytimes,-0.14583333333333334,-0.3632,2017-11-05,75,0.18,0.82,0.0,Designers have finally figured out how to dress Olympic athletes without looking like they're trying too hard https://t.co/TVfFSWB4xp
76,nytimes,0.0,0.0,2017-11-05,76,0.0,1.0,0.0,How Facebook's algorithm determines the fate of start-ups https://t.co/8kTuBBKeEH
77,nytimes,0.0,-0.5106,2017-11-05,77,0.185,0.815,0.0,"Tens of thousands of people in Togo are demanding the nation's president resign, whose family has ruled for 50 years https://t.co/CbqY1GCLKv"
78,nytimes,-0.2318181818181818,-0.1531,2017-11-05,78,0.11,0.89,0.0,‚ÄòSaturday Night Live‚Äô: Alec Baldwin and Larry David Contribute to an Awkward Episode https://t.co/pok8aizcN8
79,nytimes,0.25,0.4767,2017-11-05,79,0.0,0.807,0.193,Japanese art is more than just clich√© zen gardens and cutesy Hello Kitty https://t.co/kKL3U9MxzI
80,nytimes,0.0,0.0,2017-11-05,80,0.0,1.0,0.0,"The diversity visa lottery, explained https://t.co/XohR0x5V0g"
81,nytimes,0.0,0.0,2017-11-05,81,0.0,1.0,0.0,Where the STEM jobs are (and where they aren't) https://t.co/byInsbrpPL https://t.co/B2BeBLnSLn
82,nytimes,-0.15,-0.3818,2017-11-05,82,0.211,0.69,0.099,"In 1979, Bob Dylan announced his embrace of Christianity. That period gets a second look on ""Trouble No More."" https://t.co/IjETz7sgm8"
83,nytimes,0.25,0.6281,2017-11-05,83,0.053,0.74,0.207,"""It didn't matter there was an ocean between them and different continents, they both love fiercely"" https://t.co/dlom5MXVnk"
84,nytimes,0.3,0.0,2017-11-05,84,0.0,1.0,0.0,"‚ÄúAlias Grace‚Äù is a story about storytelling and Sarah Gadon is mesmerizing as the star, writes @poniewozik https://t.co/wOCe89dxgh"
85,nytimes,0.125,0.0,2017-11-05,85,0.0,1.0,0.0,"At a nightclub in Liberia, we found a stylish music scene unencumbered by the country‚Äôs past https://t.co/ry9cuWgDc2 https://t.co/4FsJ4gRn1x"
86,nytimes,0.30000000000000004,0.8402,2017-11-05,86,0.0,0.654,0.346,What did Bernie Sanders learn about Canada's health system? Doctors like free health care as much as patients do. https://t.co/zPds0lBn6V
87,nytimes,0.22499999999999998,0.5927,2017-11-05,87,0.0,0.806,0.194,"Wine usually takes the spotlight at Thanksgiving dinner, but beers are just as good of a complement https://t.co/WdUILym2jj"
88,nytimes,0.0,0.5423,2017-11-05,88,0.0,0.759,0.241,Op-Ed Contributor: How ISIS helped peace in the Philippines‚Äôs Muslim south https://t.co/ICpCuDLNax
89,nytimes,0.0,0.0,2017-11-05,89,0.0,1.0,0.0,Let the dancing beginüíÉüï∫ https://t.co/cKAXP2Z7WO
90,nytimes,0.15,-0.34,2017-11-05,90,0.211,0.789,0.0,"Citigroup, 21st Century Fox, Twitter: Prince‚Äôs Arrest Touches Many https://t.co/UOsfKysdE9"
91,nytimes,0.0,0.0,2017-11-05,91,0.0,1.0,0.0,Trump Arrives in Asia With Focus on Trade and North Korea https://t.co/FNmWwvYxG1
92,nytimes,0.13636363636363635,0.5719,2017-11-05,92,0.0,0.654,0.346,Opinion: Why the world loves New York https://t.co/bDtPbZVzFi
93,nytimes,0.25,0.7506,2017-11-05,93,0.0,0.758,0.242,"RT @Julseas: Thanksgiving: So many of us celebrate it, yet it‚Äôs so different for us all. Tell us your holiday story: https://t.co/3hSZd4j8G6"
94,nytimes,0.0,-0.765,2017-11-05,94,0.292,0.708,0.0,A 14-year-old model died while on an assignment in China. Investigators are looking into whether neglect caused it. https://t.co/TEPJe5spCy
95,nytimes,-0.042857142857142885,0.4019,2017-11-05,95,0.0,0.876,0.124,"While you can‚Äôt control your age, you can slow the decline of aging with smart choices along the way https://t.co/jhwxXfQQPg"
96,nytimes,0.0,0.0772,2017-11-05,96,0.0,0.86,0.14,What do colleges want in an applicant? Everything. https://t.co/eixg3GOhBb
97,nytimes,0.0,0.0,2017-11-05,97,0.0,1.0,0.0,Opinion: And then they came for Robert Mueller https://t.co/H3WRjwTKse
98,nytimes,0.0,-0.4767,2017-11-05,98,0.14,0.86,0.0,"2 months after Harvey, Houston still suffers from a kind of PTSD. I see it in myself and I see it in others. https://t.co/pliiN1QwVs"
99,nytimes,0.0,0.0,2017-11-05,99,0.0,1.0,0.0,A pizza for fall https://t.co/R4w3jIWsrH
